id,price
1,6.71E+05
2,6.56E+05
3,4.90E+05
4,3.66E+05
5,9.68E+05
6,3.95E+05
7,1.97E+05
8,3.30E+05
9,3.06E+05
10,5.31E+05
11,1.03E+06
12,3.55E+05
13,1.72E+06
14,5.39E+05
15,5.50E+05
16,1.63E+06
17,4.87E+05
18,3.67E+05
19,5.15E+05
20,4.24E+05
21,5.14E+05
22,1.21E+06
23,5.48E+05
24,6.92E+05
25,3.04E+05
26,2.38E+05
27,6.27E+05
28,2.32E+05
29,5.99E+05
30,2.27E+05
31,7.66E+05
32,6.97E+05
33,4.32E+05
34,1.58E+05
35,2.52E+05
36,1.91E+05
37,2.99E+05
38,5.71E+05
39,6.27E+05
40,7.30E+05
41,6.06E+05
42,4.38E+05
43,9.13E+05
44,2.01E+05
45,2.34E+05
46,5.04E+05
47,4.03E+05
48,8.26E+05
49,1.13E+06
50,2.32E+06
51,3.50E+05
52,8.59E+05
53,7.13E+05
54,2.91E+05
55,5.30E+05
56,4.82E+05
57,5.34E+05
58,5.48E+05
59,2.88E+05
60,2.21E+05
61,2.14E+05
62,2.57E+05
63,3.83E+05
64,8.09E+05
65,2.72E+05
66,5.10E+05
67,7.72E+05
68,2.32E+05
69,7.04E+05
70,5.61E+05
71,4.30E+05
72,4.44E+05
73,7.15E+05
74,8.26E+05
75,4.75E+05
76,2.62E+06
77,3.18E+05
78,6.26E+05
79,3.84E+05
80,1.64E+06
81,2.14E+05
82,3.75E+05
83,4.33E+05
84,8.14E+05
85,3.80E+05
86,4.32E+05
87,4.15E+05
88,2.66E+05
89,3.62E+05
90,2.20E+05
91,4.96E+05
92,2.64E+05
93,5.64E+05
94,4.65E+05
95,8.06E+05
96,6.26E+05
97,1.15E+06
98,4.02E+05
99,6.09E+05
100,2.80E+05
101,4.90E+05
102,3.91E+05
103,2.66E+05
104,4.83E+05
105,2.87E+05
106,7.60E+05
107,5.82E+05
108,4.38E+05
109,5.64E+05
110,3.72E+05
111,6.99E+05
112,4.93E+05
113,3.06E+05
114,4.12E+05
115,2.26E+05
116,3.47E+05
117,2.72E+05
118,8.14E+05
119,1.49E+05
120,2.67E+05
121,8.88E+05
122,2.70E+05
123,3.43E+05
124,5.55E+05
125,3.03E+05
126,3.09E+05
127,5.95E+05
128,7.33E+05
129,7.24E+05
130,2.14E+05
131,6.27E+05
132,4.75E+05
133,3.73E+05
134,4.14E+05
135,4.04E+05
136,5.89E+05
137,1.31E+06
138,3.16E+05
139,5.32E+05
140,6.99E+05
141,7.10E+05
142,3.05E+05
143,6.53E+05
144,5.45E+05
145,5.57E+05
146,7.40E+05
147,1.63E+06
148,3.11E+05
149,4.82E+05
150,9.54E+05
151,1.22E+06
152,1.25E+06
153,3.17E+05
154,8.13E+05
155,4.97E+05
156,2.67E+05
157,2.00E+05
158,4.16E+05
159,1.95E+05
160,5.31E+05
161,5.86E+05
162,4.45E+05
163,5.95E+05
164,5.15E+05
165,5.63E+05
166,3.55E+05
167,5.37E+05
168,5.71E+05
169,2.85E+05
170,4.82E+05
171,5.32E+05
172,6.35E+05
173,1.73E+05
174,2.84E+05
175,4.06E+05
176,2.23E+05
177,3.60E+05
178,3.86E+05
179,3.75E+05
180,2.36E+05
181,6.33E+05
182,3.46E+05
183,4.41E+05
184,1.04E+06
185,4.77E+05
186,4.69E+05
187,6.92E+05
188,4.67E+05
189,6.41E+05
190,5.49E+05
191,2.47E+05
192,7.49E+05
193,3.90E+05
194,2.40E+05
195,3.62E+05
196,1.75E+05
197,3.53E+05
198,1.04E+06
199,2.25E+05
200,5.65E+05
201,2.43E+05
202,4.49E+05
203,7.12E+05
204,1.17E+06
205,7.90E+05
206,2.07E+05
207,7.27E+05
208,6.24E+05
209,2.30E+05
210,4.33E+05
211,2.83E+05
212,6.27E+05
213,2.67E+05
214,2.25E+05
215,6.89E+05
216,3.23E+05
217,2.90E+05
218,6.44E+05
219,5.09E+05
220,6.79E+05
221,4.67E+05
222,7.99E+05
223,2.79E+05
224,2.48E+05
225,1.92E+05
226,9.92E+05
227,3.70E+05
228,3.47E+05
229,2.00E+06
230,5.84E+05
231,6.62E+05
232,4.66E+05
233,2.07E+05
234,5.20E+05
235,5.19E+05
236,8.72E+05
237,2.09E+05
238,4.73E+05
239,5.37E+05
240,1.98E+05
241,3.32E+05
242,4.19E+05
243,1.05E+06
244,3.01E+05
245,9.13E+05
246,1.81E+05
247,6.36E+05
248,3.35E+06
249,2.59E+05
250,2.52E+05
251,2.56E+05
252,3.62E+05
253,3.19E+05
254,3.18E+05
255,3.03E+05
256,3.02E+05
257,4.48E+05
258,8.89E+05
259,2.66E+05
260,2.90E+05
261,3.08E+05
262,7.03E+05
263,6.65E+05
264,4.33E+05
265,9.82E+05
266,9.14E+05
267,3.22E+05
268,3.87E+05
269,4.55E+05
270,4.77E+05
271,4.44E+05
272,4.76E+05
273,4.76E+05
274,5.26E+05
275,4.49E+05
276,4.53E+05
277,7.72E+05
278,3.65E+05
279,1.73E+05
280,5.17E+05
281,4.86E+05
282,3.40E+05
283,4.48E+05
284,4.38E+05
285,1.04E+06
286,7.18E+05
287,2.42E+05
288,8.36E+05
289,3.75E+05
290,6.80E+05
291,5.55E+05
292,2.49E+05
293,4.59E+05
294,7.54E+05
295,2.32E+05
296,5.54E+05
297,2.65E+05
298,5.24E+05
299,2.20E+05
300,6.71E+05
301,1.65E+06
302,2.90E+05
303,7.38E+05
304,7.14E+05
305,4.83E+05
306,4.72E+05
307,4.62E+05
308,5.72E+05
309,2.06E+05
310,1.88E+05
311,5.98E+05
312,3.97E+05
313,4.85E+05
314,5.58E+05
315,4.97E+05
316,5.14E+05
317,6.03E+05
318,1.33E+06
319,4.38E+05
320,6.00E+05
321,5.14E+05
322,5.00E+05
323,4.69E+05
324,4.49E+05
325,1.11E+06
326,4.82E+05
327,3.90E+05
328,6.54E+05
329,8.52E+05
330,3.14E+05
331,3.90E+05
332,7.54E+05
333,2.73E+05
334,4.10E+05
335,3.18E+05
336,3.21E+05
337,8.47E+05
338,8.18E+05
339,5.09E+05
340,4.36E+05
341,2.48E+05
342,8.54E+05
343,5.33E+05
344,3.07E+05
345,6.07E+05
346,4.41E+05
347,3.41E+05
348,5.86E+05
349,1.37E+06
350,2.01E+05
351,1.69E+05
352,6.81E+05
353,4.05E+05
354,5.21E+05
355,7.54E+05
356,1.71E+05
357,2.99E+05
358,7.27E+05
359,3.69E+05
360,5.37E+05
361,5.66E+05
362,7.46E+05
363,6.00E+05
364,6.14E+05
365,8.16E+05
366,2.65E+05
367,2.23E+05
368,3.78E+05
369,5.36E+05
370,2.62E+05
371,5.90E+05
372,2.59E+05
373,4.30E+05
374,3.36E+05
375,2.22E+05
376,9.62E+05
377,3.62E+05
378,5.10E+05
379,5.30E+05
380,1.08E+06
381,5.76E+05
382,5.64E+05
383,2.06E+05
384,3.52E+05
385,4.33E+05
386,3.05E+05
387,6.15E+05
388,4.07E+05
389,2.81E+05
390,4.13E+05
391,6.80E+05
392,3.22E+05
393,5.15E+05
394,3.57E+05
395,3.02E+05
396,1.46E+06
397,1.57E+06
398,8.15E+05
399,4.81E+05
400,6.61E+05
401,1.91E+05
402,6.93E+05
403,4.80E+05
404,5.85E+05
405,3.19E+05
406,4.74E+05
407,3.88E+05
408,8.99E+05
409,1.13E+06
410,1.84E+05
411,4.24E+05
412,5.94E+05
413,6.39E+05
414,1.07E+06
415,3.55E+05
416,7.02E+05
417,1.34E+06
418,1.02E+06
419,5.08E+05
420,4.49E+05
421,1.96E+05
422,2.50E+05
423,5.66E+05
424,4.02E+05
425,2.30E+05
426,4.66E+05
427,1.58E+06
428,4.48E+05
429,5.07E+05
430,3.97E+05
431,2.34E+05
432,4.80E+05
433,6.85E+05
434,3.71E+05
435,1.93E+05
436,2.68E+05
437,7.89E+05
438,1.82E+05
439,7.86E+05
440,5.26E+05
441,3.01E+05
442,4.96E+05
443,3.53E+05
444,2.92E+05
445,1.11E+06
446,3.96E+05
447,5.81E+05
448,3.31E+05
449,4.54E+05
450,3.30E+05
451,2.51E+05
452,2.75E+05
453,2.68E+05
454,3.45E+05
455,1.16E+06
456,4.92E+05
457,3.34E+05
458,3.27E+05
459,4.50E+05
460,3.91E+05
461,7.85E+05
462,3.32E+05
463,4.88E+05
464,4.00E+05
465,4.00E+05
466,7.06E+05
467,5.72E+05
468,4.66E+05
469,2.18E+06
470,4.28E+05
471,6.20E+05
472,3.97E+05
473,4.19E+05
474,6.61E+05
475,3.43E+05
476,3.48E+05
477,8.51E+05
478,8.55E+05
479,4.23E+05
480,1.29E+06
481,2.31E+05
482,6.08E+05
483,6.56E+05
484,2.53E+06
485,7.32E+05
486,3.52E+05
487,5.22E+05
488,3.60E+05
489,1.05E+06
490,4.83E+05
491,5.16E+05
492,1.07E+06
493,5.99E+05
494,6.14E+05
495,7.50E+05
496,3.56E+05
497,1.08E+06
498,3.41E+05
499,2.29E+05
500,2.62E+05
501,7.24E+05
502,4.07E+05
503,5.98E+05
504,1.14E+06
505,3.32E+05
506,4.92E+05
507,7.81E+05
508,5.30E+05
509,1.10E+06
510,1.98E+05
511,5.38E+05
512,4.66E+05
513,2.57E+05
514,6.02E+05
515,3.27E+05
516,1.07E+06
517,6.82E+05
518,3.20E+05
519,5.53E+05
520,4.00E+05
521,6.76E+05
522,6.20E+05
523,2.36E+05
524,3.68E+05
525,3.28E+05
526,6.45E+05
527,3.29E+05
528,2.28E+05
529,4.79E+05
530,4.32E+05
531,5.86E+05
532,5.83E+05
533,4.00E+05
534,7.88E+05
535,2.13E+05
536,5.50E+05
537,5.81E+05
538,4.23E+05
539,3.10E+05
540,9.07E+05
541,3.82E+05
542,6.80E+05
543,3.64E+05
544,2.55E+05
545,9.04E+05
546,6.27E+05
547,9.83E+05
548,2.08E+05
549,5.81E+05
550,3.26E+05
551,9.99E+05
552,8.90E+05
553,8.76E+05
554,4.34E+05
555,4.00E+05
556,2.57E+05
557,3.08E+05
558,1.07E+06
559,2.23E+05
560,2.07E+05
561,2.18E+05
562,3.39E+05
563,6.21E+05
564,4.23E+05
565,2.41E+05
566,1.09E+06
567,1.98E+05
568,4.83E+05
569,1.63E+05
570,1.29E+06
571,2.15E+05
572,1.06E+06
573,6.57E+05
574,6.73E+05
575,4.29E+05
576,9.52E+05
577,8.83E+05
578,2.65E+05
579,3.13E+05
580,6.85E+05
581,2.98E+05
582,5.58E+05
583,1.30E+06
584,7.83E+05
585,1.07E+06
586,4.72E+05
587,6.35E+05
588,4.22E+05
589,1.97E+06
590,5.37E+05
591,2.63E+05
592,9.17E+05
593,4.49E+05
594,3.79E+05
595,4.31E+05
596,1.22E+06
597,3.09E+05
598,5.73E+05
599,2.81E+05
600,2.89E+05
601,1.85E+05
602,2.41E+05
603,5.15E+05
604,1.38E+06
605,2.43E+05
606,6.21E+05
607,3.76E+05
608,1.82E+05
609,5.91E+05
610,3.49E+05
611,7.29E+05
612,6.53E+05
613,9.18E+05
614,3.10E+05
615,4.95E+05
616,2.80E+05
617,1.45E+06
618,1.96E+05
619,6.34E+05
620,4.45E+05
621,3.19E+05
622,3.61E+05
623,3.97E+05
624,5.43E+05
625,4.04E+05
626,2.51E+05
627,7.17E+05
628,4.73E+05
629,7.14E+05
630,2.77E+05
631,4.15E+05
632,5.05E+05
633,4.36E+05
634,3.94E+05
635,1.14E+06
636,4.39E+05
637,2.82E+05
638,3.94E+05
639,5.15E+05
640,1.19E+06
641,1.03E+06
642,4.04E+05
643,3.85E+05
644,1.42E+06
645,4.64E+05
646,8.52E+05
647,1.74E+06
648,2.41E+05
649,2.88E+05
650,3.91E+05
651,5.44E+05
652,2.00E+05
653,4.27E+05
654,8.58E+05
655,8.73E+05
656,2.36E+05
657,2.92E+05
658,3.45E+05
659,3.77E+05
660,3.48E+05
661,2.87E+05
662,2.29E+05
663,3.64E+05
664,1.17E+06
665,6.98E+05
666,4.18E+05
667,1.17E+06
668,3.17E+05
669,6.83E+05
670,3.26E+05
671,6.00E+05
672,6.42E+05
673,1.61E+05
674,3.83E+05
675,3.74E+05
676,6.74E+05
677,3.12E+05
678,3.17E+05
679,2.75E+05
680,2.47E+05
681,4.52E+05
682,4.82E+05
683,3.06E+05
684,4.24E+05
685,2.70E+05
686,6.35E+05
687,5.88E+05
688,9.44E+05
689,4.32E+05
690,4.48E+05
691,7.35E+05
692,7.33E+05
693,4.77E+05
694,3.73E+05
695,3.34E+05
696,5.80E+05
697,6.19E+05
698,2.50E+05
699,7.72E+05
700,2.33E+05
701,4.80E+05
702,5.42E+05
703,3.45E+05
704,5.06E+05
705,5.09E+05
706,1.95E+05
707,2.21E+05
708,2.70E+05
709,4.25E+05
710,4.74E+05
711,2.67E+05
712,2.86E+05
713,6.38E+05
714,1.94E+06
715,3.63E+05
716,3.94E+05
717,5.18E+05
718,3.81E+05
719,2.27E+05
720,2.09E+05
721,5.10E+05
722,3.01E+05
723,6.43E+05
724,2.93E+05
725,4.27E+05
726,7.81E+05
727,6.63E+05
728,5.01E+05
729,4.20E+05
730,7.15E+05
731,3.88E+05
732,2.75E+05
733,3.76E+05
734,3.85E+05
735,2.95E+05
736,5.47E+05
737,4.57E+05
738,3.57E+05
739,4.87E+05
740,5.98E+05
741,5.82E+05
742,2.61E+05
743,4.39E+05
744,1.87E+05
745,2.01E+05
746,2.54E+05
747,4.53E+05
748,2.95E+05
749,3.19E+05
750,4.57E+05
751,4.78E+05
752,5.41E+05
753,6.41E+05
754,3.73E+05
755,1.89E+05
756,1.85E+05
757,6.06E+05
758,5.50E+05
759,5.43E+05
760,6.20E+05
761,4.16E+05
762,4.02E+05
763,1.79E+05
764,6.71E+05
765,6.54E+05
766,1.92E+05
767,2.52E+05
768,1.20E+06
769,8.58E+05
770,2.77E+05
771,3.02E+05
772,4.38E+05
773,6.80E+05
774,1.12E+06
775,4.38E+05
776,7.27E+05
777,2.80E+05
778,3.11E+05
779,6.11E+05
780,4.05E+05
781,1.14E+06
782,4.62E+05
783,3.58E+05
784,8.50E+05
785,1.98E+05
786,4.46E+05
787,7.09E+05
788,6.53E+05
789,2.75E+05
790,5.08E+05
791,4.96E+05
792,3.57E+05
793,2.42E+05
794,3.21E+05
795,4.84E+05
796,2.50E+05
797,3.08E+05
798,5.70E+05
799,3.35E+05
800,5.49E+05
801,4.90E+05
802,2.32E+05
803,4.54E+05
804,4.34E+05
805,3.34E+05
806,6.86E+05
807,2.75E+05
808,5.53E+05
809,4.57E+05
810,7.31E+05
811,4.63E+05
812,3.48E+05
813,3.16E+05
814,3.09E+05
815,9.07E+05
816,6.33E+05
817,2.62E+05
818,7.41E+05
819,3.01E+05
820,5.13E+05
821,9.31E+05
822,4.72E+05
823,3.23E+05
824,3.16E+05
825,5.92E+05
826,4.79E+05
827,2.52E+05
828,1.23E+06
829,2.40E+05
830,5.80E+05
831,5.34E+05
832,2.54E+05
833,5.75E+05
834,3.20E+05
835,2.31E+05
836,1.36E+06
837,7.15E+05
838,5.68E+05
839,5.23E+05
840,4.29E+05
841,3.29E+05
842,2.31E+05
843,6.10E+05
844,4.44E+05
845,5.43E+05
846,1.22E+06
847,4.19E+05
848,3.19E+05
849,1.11E+06
850,6.67E+05
851,1.53E+06
852,6.81E+05
853,3.12E+05
854,4.09E+05
855,4.00E+05
856,3.72E+05
857,2.97E+05
858,3.21E+05
859,2.50E+05
860,6.11E+05
861,7.53E+05
862,4.30E+05
863,1.10E+06
864,2.01E+05
865,8.26E+05
866,3.32E+05
867,4.02E+05
868,1.67E+06
869,7.82E+05
870,5.66E+05
871,2.94E+05
872,2.11E+05
873,2.37E+05
874,2.72E+05
875,2.80E+05
876,3.82E+05
877,4.57E+05
878,3.66E+05
879,2.62E+05
880,7.30E+05
881,5.87E+05
882,3.70E+05
883,6.93E+05
884,3.06E+05
885,6.94E+05
886,4.29E+05
887,5.21E+05
888,3.75E+05
889,4.98E+05
890,4.54E+05
891,2.30E+05
892,6.74E+05
893,2.34E+05
894,3.56E+05
895,1.48E+06
896,3.97E+05
897,9.00E+05
898,8.29E+05
899,4.69E+05
900,6.08E+05
901,8.93E+05
902,4.49E+05
903,3.01E+05
904,1.26E+06
905,4.25E+05
906,2.71E+05
907,6.96E+05
908,8.32E+05
909,6.44E+05
910,8.33E+05
911,7.66E+05
912,3.85E+05
913,7.94E+05
914,7.03E+05
915,2.88E+05
916,3.70E+05
917,5.60E+05
918,4.53E+05
919,6.84E+05
920,2.37E+05
921,3.97E+05
922,2.62E+05
923,7.03E+05
924,3.58E+05
925,6.06E+05
926,5.97E+05
927,6.52E+05
928,2.98E+05
929,4.73E+05
930,5.12E+05
931,8.03E+05
932,3.71E+05
933,2.12E+05
934,3.98E+05
935,9.13E+05
936,5.53E+05
937,4.54E+05
938,4.39E+05
939,3.81E+05
940,3.05E+05
941,7.08E+05
942,3.03E+05
943,5.53E+05
944,3.85E+05
945,7.14E+05
946,7.66E+05
947,5.31E+05
948,7.70E+05
949,2.20E+05
950,7.54E+05
951,3.37E+05
952,3.86E+05
953,3.63E+05
954,3.80E+05
955,3.81E+05
956,4.77E+05
957,4.03E+05
958,8.60E+05
959,6.04E+05
960,4.84E+05
961,4.17E+05
962,3.13E+05
963,2.31E+05
964,2.04E+05
965,5.36E+05
966,1.96E+05
967,5.03E+05
968,5.01E+05
969,4.85E+05
970,3.78E+06
971,3.75E+05
972,3.49E+05
973,2.12E+05
974,6.82E+05
975,3.71E+05
976,5.92E+05
977,1.54E+05
978,3.12E+05
979,7.77E+05
980,4.44E+05
981,4.52E+05
982,3.39E+05
983,7.01E+05
984,4.34E+05
985,1.76E+05
986,6.27E+05
987,4.99E+05
988,2.33E+05
989,7.80E+05
990,3.48E+06
991,8.66E+05
992,3.01E+05
993,3.61E+05
994,4.13E+05
995,3.35E+05
996,7.50E+05
997,2.97E+05
998,2.24E+05
999,5.97E+05
1000,4.74E+05
1001,4.30E+05
1002,9.41E+05
1003,3.22E+05
1004,5.64E+05
1005,4.81E+05
1006,6.51E+05
1007,6.49E+05
1008,3.71E+05
1009,5.73E+05
1010,4.00E+05
1011,4.87E+05
1012,6.11E+05
1013,3.39E+05
1014,4.91E+05
1015,4.13E+05
1016,3.46E+05
1017,2.97E+05
1018,6.13E+05
1019,6.78E+05
1020,6.83E+05
1021,4.49E+05
1022,1.15E+06
1023,6.70E+05
1024,1.11E+06
1025,9.42E+05
1026,2.24E+05
1027,3.49E+05
1028,2.80E+05
1029,6.05E+05
1030,6.09E+05
1031,3.51E+05
1032,7.27E+05
1033,3.07E+05
1034,4.06E+05
1035,3.55E+05
1036,6.43E+05
1037,6.21E+05
1038,2.29E+05
1039,1.95E+05
1040,1.03E+06
1041,5.58E+05
1042,3.11E+05
1043,1.18E+06
1044,3.39E+05
1045,7.29E+05
1046,2.23E+05
1047,8.57E+05
1048,5.77E+05
1049,3.16E+05
1050,2.19E+05
1051,2.26E+06
1052,5.62E+05
1053,5.59E+05
1054,4.05E+05
1055,1.28E+06
1056,5.22E+05
1057,4.99E+05
1058,2.94E+05
1059,5.61E+05
1060,7.97E+05
1061,4.03E+05
1062,3.90E+05
1063,2.80E+05
1064,3.39E+05
1065,4.58E+05
1066,5.94E+05
1067,4.67E+05
1068,5.83E+05
1069,3.32E+05
1070,2.74E+05
1071,3.00E+05
1072,2.71E+05
1073,6.99E+05
1074,7.03E+05
1075,4.60E+05
1076,4.10E+05
1077,7.73E+05
1078,5.77E+05
1079,4.18E+05
1080,4.03E+05
1081,1.06E+06
1082,5.30E+05
1083,8.01E+05
1084,4.40E+05
1085,2.00E+05
1086,3.15E+05
1087,6.45E+05
1088,4.82E+05
1089,5.79E+05
1090,4.68E+05
1091,3.24E+05
1092,2.77E+05
1093,2.41E+05
1094,1.74E+05
1095,1.29E+06
1096,2.55E+05
1097,4.31E+05
1098,2.94E+05
1099,4.28E+05
1100,6.17E+05
1101,5.66E+05
1102,5.64E+05
1103,6.94E+05
1104,3.52E+05
1105,2.06E+05
1106,2.04E+05
1107,6.24E+05
1108,4.77E+05
1109,8.81E+05
1110,6.19E+05
1111,6.66E+05
1112,5.12E+05
1113,2.79E+05
1114,2.46E+05
1115,5.07E+05
1116,2.81E+05
1117,4.37E+05
1118,5.50E+05
1119,3.46E+05
1120,1.81E+05
1121,3.19E+05
1122,5.96E+05
1123,2.80E+05
1124,4.92E+05
1125,3.38E+05
1126,5.43E+05
1127,7.02E+05
1128,5.36E+05
1129,1.20E+06
1130,3.38E+05
1131,3.92E+05
1132,6.77E+05
1133,3.69E+05
1134,3.48E+05
1135,4.40E+05
1136,4.26E+05
1137,3.20E+05
1138,3.85E+05
1139,5.15E+05
1140,5.93E+05
1141,6.30E+05
1142,9.29E+05
1143,2.18E+05
1144,3.17E+05
1145,1.06E+06
1146,5.10E+05
1147,3.94E+05
1148,1.54E+06
1149,3.55E+05
1150,6.85E+05
1151,5.85E+05
1152,3.25E+05
1153,3.41E+05
1154,6.07E+05
1155,1.48E+06
1156,5.23E+05
1157,6.14E+05
1158,3.20E+05
1159,5.65E+05
1160,4.26E+05
1161,3.63E+05
1162,3.42E+05
1163,3.95E+05
1164,2.71E+05
1165,2.31E+05
1166,3.45E+05
1167,1.14E+06
1168,3.35E+05
1169,5.01E+05
1170,2.60E+06
1171,5.45E+05
1172,1.03E+06
1173,2.59E+05
1174,2.22E+05
1175,2.00E+05
1176,3.27E+05
1177,2.38E+05
1178,2.52E+05
1179,2.82E+05
1180,7.05E+05
1181,2.69E+05
1182,4.12E+05
1183,3.30E+05
1184,4.52E+05
1185,3.63E+05
1186,2.14E+05
1187,4.44E+05
1188,5.88E+05
1189,4.16E+05
1190,3.27E+05
1191,5.25E+05
1192,2.29E+05
1193,6.57E+05
1194,8.14E+05
1195,6.19E+05
1196,4.43E+05
1197,2.49E+05
1198,2.55E+05
1199,2.71E+05
1200,6.98E+05
1201,3.92E+05
1202,8.44E+05
1203,3.66E+05
1204,7.53E+05
1205,4.78E+05
1206,2.41E+05
1207,3.14E+05
1208,3.24E+05
1209,1.32E+06
1210,6.85E+05
1211,5.55E+05
1212,4.92E+05
1213,1.96E+05
1214,2.96E+05
1215,7.96E+05
1216,6.71E+05
1217,8.62E+05
1218,4.58E+05
1219,4.84E+05
1220,4.96E+05
1221,5.19E+05
1222,2.55E+05
1223,5.82E+05
1224,2.33E+05
1225,3.52E+05
1226,1.21E+06
1227,4.81E+05
1228,2.81E+05
1229,9.54E+05
1230,4.99E+05
1231,3.95E+05
1232,8.82E+05
1233,5.13E+05
1234,4.31E+05
1235,4.37E+05
1236,3.19E+05
1237,3.36E+05
1238,5.80E+05
1239,6.28E+05
1240,4.76E+05
1241,3.14E+05
1242,5.81E+05
1243,2.70E+05
1244,2.29E+05
1245,3.24E+05
1246,8.76E+05
1247,6.76E+05
1248,2.37E+05
1249,2.37E+05
1250,1.46E+06
1251,9.07E+05
1252,6.84E+05
1253,6.95E+05
1254,3.76E+05
1255,6.59E+05
1256,6.69E+05
1257,9.92E+05
1258,1.61E+06
1259,4.90E+05
1260,4.03E+05
1261,3.54E+05
1262,1.51E+06
1263,2.61E+05
1264,4.84E+05
1265,3.69E+05
1266,2.29E+05
1267,4.30E+05
1268,3.53E+05
1269,6.48E+05
1270,2.69E+05
1271,7.49E+05
1272,3.54E+05
1273,4.26E+05
1274,4.33E+05
1275,5.95E+05
1276,7.38E+05
1277,3.48E+05
1278,3.67E+05
1279,6.87E+05
1280,6.76E+05
1281,3.57E+05
1282,6.63E+05
1283,7.10E+05
1284,2.85E+05
1285,5.87E+05
1286,3.88E+05
1287,4.58E+05
1288,8.12E+05
1289,2.81E+05
1290,2.90E+05
1291,2.63E+05
1292,9.24E+04
1293,2.35E+05
1294,8.96E+05
1295,7.45E+05
1296,2.88E+05
1297,5.10E+05
1298,4.99E+05
1299,3.54E+05
1300,3.61E+05
1301,3.78E+05
1302,4.15E+05
1303,5.09E+05
1304,5.81E+05
1305,3.83E+05
1306,1.91E+05
1307,5.95E+05
1308,7.14E+05
1309,4.44E+05
1310,9.72E+05
1311,1.11E+06
1312,3.95E+05
1313,1.68E+05
1314,3.95E+05
1315,1.13E+06
1316,4.52E+05
1317,4.36E+05
1318,5.74E+05
1319,2.86E+05
1320,7.42E+05
1321,4.39E+05
1322,4.03E+05
1323,2.71E+05
1324,4.78E+05
1325,4.63E+05
1326,7.37E+05
1327,4.16E+05
1328,6.33E+05
1329,7.28E+05
1330,1.22E+06
1331,2.36E+05
1332,4.31E+05
1333,4.62E+05
1334,3.45E+05
1335,3.36E+05
1336,8.38E+05
1337,2.26E+06
1338,4.52E+05
1339,8.19E+05
1340,2.82E+05
1341,2.99E+05
1342,2.90E+05
1343,3.49E+05
1344,6.85E+05
1345,2.60E+05
1346,2.10E+05
1347,5.31E+05
1348,4.61E+05
1349,2.49E+05
1350,6.38E+05
1351,4.44E+05
1352,5.40E+05
1353,2.59E+05
1354,6.06E+05
1355,5.67E+05
1356,4.14E+05
1357,4.32E+05
1358,1.59E+05
1359,2.75E+05
1360,5.48E+05
1361,7.31E+05
1362,3.78E+05
1363,3.97E+05
1364,4.55E+05
1365,8.31E+05
1366,4.12E+05
1367,5.10E+05
1368,2.08E+05
1369,3.31E+05
1370,2.87E+05
1371,4.77E+05
1372,6.52E+05
1373,4.07E+05
1374,4.56E+05
1375,6.08E+05
1376,4.72E+05
1377,2.82E+05
1378,6.87E+05
1379,6.36E+05
1380,3.40E+05
1381,3.06E+05
1382,5.93E+05
1383,2.82E+05
1384,1.36E+06
1385,4.18E+05
1386,3.30E+05
1387,5.17E+05
1388,3.77E+05
1389,5.57E+05
1390,2.93E+05
1391,4.36E+05
1392,4.84E+05
1393,4.10E+05
1394,3.81E+05
1395,3.58E+05
1396,2.23E+05
1397,2.85E+05
1398,5.67E+05
1399,1.70E+05
1400,4.23E+05
1401,4.73E+05
1402,2.42E+05
1403,4.99E+05
1404,4.19E+05
1405,3.42E+05
1406,3.71E+05
1407,8.02E+05
1408,2.28E+05
1409,3.99E+05
1410,1.16E+06
1411,4.19E+05
1412,3.92E+05
1413,3.02E+05
1414,4.57E+05
1415,3.06E+05
1416,2.40E+05
1417,5.77E+05
1418,3.91E+05
1419,5.27E+05
1420,7.72E+05
1421,4.37E+05
1422,3.42E+05
1423,3.69E+05
1424,3.81E+05
1425,2.44E+05
1426,4.90E+05
1427,4.49E+05
1428,5.94E+05
1429,4.56E+05
1430,2.97E+05
1431,4.99E+05
1432,5.25E+05
1433,3.17E+05
1434,3.07E+05
1435,3.51E+05
1436,4.21E+05
1437,2.87E+05
1438,2.67E+05
1439,3.81E+05
1440,2.87E+05
1441,2.23E+05
1442,5.30E+05
1443,4.01E+05
1444,3.03E+05
1445,2.03E+05
1446,3.51E+05
1447,3.66E+05
1448,3.79E+05
1449,2.17E+05
1450,1.35E+06
1451,3.22E+05
1452,8.69E+05
1453,4.92E+05
1454,1.41E+06
1455,2.85E+05
1456,2.56E+05
1457,1.13E+06
1458,5.80E+05
1459,4.14E+05
1460,3.33E+05
1461,6.70E+05
1462,3.43E+05
1463,4.77E+05
1464,2.32E+05
1465,9.57E+05
1466,2.17E+05
1467,4.33E+05
1468,1.35E+06
1469,4.13E+05
1470,1.96E+05
1471,5.73E+05
1472,2.28E+05
1473,2.91E+05
1474,5.83E+05
1475,4.88E+05
1476,5.95E+05
1477,1.12E+06
1478,5.12E+05
1479,8.48E+05
1480,4.67E+05
1481,7.05E+05
1482,4.39E+05
1483,4.59E+05
1484,2.39E+05
1485,8.78E+05
1486,5.20E+05
1487,3.18E+05
1488,3.64E+05
1489,4.00E+05
1490,3.22E+05
1491,3.17E+05
1492,3.68E+05
1493,4.36E+05
1494,3.50E+05
1495,3.65E+05
1496,5.13E+05
1497,5.70E+05
1498,4.00E+05
1499,6.35E+05
1500,5.25E+05
1501,5.93E+05
1502,6.15E+05
1503,4.35E+05
1504,2.01E+05
1505,2.67E+05
1506,3.36E+05
1507,3.72E+05
1508,9.83E+05
1509,4.82E+05
1510,8.91E+05
1511,4.00E+05
1512,4.16E+05
1513,2.16E+06
1514,1.03E+06
1515,6.03E+05
1516,5.90E+05
1517,5.58E+05
1518,3.47E+05
1519,2.74E+05
1520,4.82E+05
1521,3.92E+05
1522,1.48E+06
1523,6.07E+05
1524,2.79E+05
1525,2.40E+05
1526,4.00E+05
1527,4.41E+05
1528,3.06E+05
1529,1.20E+06
1530,9.12E+05
1531,2.54E+05
1532,5.97E+05
1533,3.67E+05
1534,3.51E+05
1535,5.49E+05
1536,3.44E+05
1537,6.14E+05
1538,3.70E+05
1539,5.01E+05
1540,4.84E+05
1541,3.60E+05
1542,3.72E+05
1543,3.11E+05
1544,2.43E+05
1545,4.15E+05
1546,5.21E+05
1547,3.29E+05
1548,2.30E+05
1549,4.51E+05
1550,4.56E+05
1551,6.61E+05
1552,3.78E+05
1553,2.57E+05
1554,6.61E+05
1555,8.37E+05
1556,3.97E+05
1557,1.77E+05
1558,3.14E+05
1559,5.76E+05
1560,6.59E+05
1561,8.71E+05
1562,3.37E+05
1563,2.19E+05
1564,3.71E+05
1565,5.17E+05
1566,2.33E+05
1567,6.32E+05
1568,2.92E+05
1569,4.23E+05
1570,8.67E+05
1571,3.24E+05
1572,2.54E+05
1573,2.30E+05
1574,5.28E+05
1575,4.49E+05
1576,4.03E+05
1577,2.51E+05
1578,2.38E+05
1579,2.55E+05
1580,2.85E+05
1581,2.97E+05
1582,5.84E+05
1583,3.65E+05
1584,3.30E+05
1585,4.08E+05
1586,2.07E+05
1587,2.82E+05
1588,3.44E+05
1589,7.31E+05
1590,6.36E+05
1591,3.53E+05
1592,5.94E+05
1593,6.38E+05
1594,6.26E+05
1595,2.85E+05
1596,9.28E+05
1597,3.38E+05
1598,3.69E+05
1599,4.82E+05
1600,1.52E+05
1601,3.18E+05
1602,1.95E+05
1603,4.28E+05
1604,6.06E+05
1605,5.57E+05
1606,1.93E+05
1607,1.31E+06
1608,1.35E+06
1609,2.55E+05
1610,1.64E+06
1611,4.56E+05
1612,2.67E+05
1613,8.11E+05
1614,5.25E+05
1615,3.95E+05
1616,4.13E+05
1617,5.25E+05
1618,5.79E+05
1619,5.08E+05
1620,8.52E+05
1621,3.40E+05
1622,3.38E+05
1623,7.96E+05
1624,4.27E+05
1625,2.61E+05
1626,3.52E+05
1627,2.15E+05
1628,4.53E+05
1629,3.76E+05
1630,4.20E+05
1631,8.12E+05
1632,4.71E+05
1633,2.47E+05
1634,4.96E+05
1635,3.43E+05
1636,4.92E+05
1637,3.20E+05
1638,4.02E+05
1639,5.74E+05
1640,8.92E+05
1641,4.30E+05
1642,6.37E+05
1643,1.03E+06
1644,3.68E+05
1645,5.07E+05
1646,5.41E+05
1647,7.04E+05
1648,5.46E+05
1649,2.64E+05
1650,1.62E+06
1651,7.32E+05
1652,2.55E+05
1653,9.26E+05
1654,4.48E+05
1655,7.13E+05
1656,4.87E+05
1657,7.33E+05
1658,6.23E+05
1659,3.18E+05
1660,3.21E+05
1661,6.94E+05
1662,3.21E+05
1663,6.63E+05
1664,3.06E+05
1665,3.11E+05
1666,4.07E+05
1667,2.42E+05
1668,5.54E+05
1669,4.11E+05
1670,6.10E+05
1671,1.02E+06
1672,3.29E+05
1673,4.97E+05
1674,7.28E+05
1675,5.92E+05
1676,6.41E+05
1677,8.35E+05
1678,3.07E+05
1679,3.20E+05
1680,3.56E+05
1681,3.23E+05
1682,6.84E+05
1683,3.62E+05
1684,2.78E+05
1685,3.36E+05
1686,3.50E+05
1687,2.99E+05
1688,2.10E+05
1689,4.16E+05
1690,5.66E+05
1691,3.50E+05
1692,3.41E+05
1693,2.26E+05
1694,4.66E+05
1695,7.97E+05
1696,2.15E+05
1697,9.10E+05
1698,2.96E+05
1699,7.75E+05
1700,2.40E+05
1701,6.94E+05
1702,2.96E+05
1703,2.71E+05
1704,4.52E+05
1705,5.84E+05
1706,9.83E+05
1707,8.92E+05
1708,3.68E+05
1709,2.57E+05
1710,5.04E+05
1711,2.62E+05
1712,2.71E+05
1713,4.40E+05
1714,3.34E+05
1715,3.93E+05
1716,8.27E+05
1717,2.65E+05
1718,5.17E+05
1719,2.10E+05
1720,5.18E+05
1721,5.94E+05
1722,1.90E+06
1723,3.93E+05
1724,1.54E+06
1725,5.06E+05
1726,4.19E+05
1727,1.25E+06
1728,7.05E+05
1729,4.21E+05
1730,2.82E+05
1731,2.84E+05
1732,4.62E+05
1733,2.58E+05
1734,6.59E+05
1735,3.92E+05
1736,2.10E+05
1737,4.54E+05
1738,6.48E+05
1739,1.88E+05
1740,2.78E+05
1741,1.64E+06
1742,3.59E+05
1743,7.50E+05
1744,7.88E+05
1745,4.37E+05
1746,2.69E+05
1747,6.35E+05
1748,2.85E+05
1749,7.13E+05
1750,2.77E+05
1751,4.48E+05
1752,3.00E+05
1753,5.55E+05
1754,1.89E+05
1755,5.08E+05
1756,4.23E+05
1757,4.05E+05
1758,4.64E+05
1759,1.90E+05
1760,2.75E+05
1761,5.91E+05
1762,6.31E+05
1763,4.59E+05
1764,3.71E+05
1765,2.40E+05
1766,3.29E+05
1767,1.93E+05
1768,2.55E+05
1769,5.92E+05
1770,3.11E+05
1771,7.98E+05
1772,1.01E+06
1773,2.39E+05
1774,3.39E+05
1775,2.99E+05
1776,4.33E+05
1777,4.63E+05
1778,2.69E+05
1779,3.86E+05
1780,5.38E+05
1781,2.47E+05
1782,2.34E+05
1783,7.42E+05
1784,5.83E+05
1785,3.64E+05
1786,4.80E+05
1787,2.09E+05
1788,4.14E+05
1789,4.99E+05
1790,2.30E+05
1791,3.46E+05
1792,2.44E+05
1793,5.19E+05
1794,3.47E+05
1795,6.23E+05
1796,1.00E+06
1797,4.18E+05
1798,5.82E+05
1799,7.94E+05
1800,8.99E+05
1801,6.05E+05
1802,2.97E+05
1803,3.97E+05
1804,6.54E+05
1805,3.06E+05
1806,5.28E+05
1807,3.51E+05
1808,4.24E+05
1809,4.69E+05
1810,5.97E+05
1811,4.54E+05
1812,2.64E+05
1813,5.08E+05
1814,8.15E+05
1815,4.94E+05
1816,3.38E+05
1817,3.18E+05
1818,3.85E+05
1819,7.16E+05
1820,2.93E+05
1821,6.06E+05
1822,1.79E+05
1823,2.16E+05
1824,5.11E+05
1825,1.72E+06
1826,1.93E+05
1827,3.40E+05
1828,3.93E+05
1829,4.80E+05
1830,3.02E+05
1831,2.08E+05
1832,5.91E+05
1833,1.58E+06
1834,8.14E+05
1835,4.14E+05
1836,6.00E+05
1837,1.24E+06
1838,4.10E+05
1839,1.95E+05
1840,4.53E+05
1841,1.22E+06
1842,3.22E+05
1843,6.13E+05
1844,5.74E+05
1845,4.20E+05
1846,7.47E+05
1847,8.68E+05
1848,5.84E+05
1849,4.24E+05
1850,2.64E+05
1851,4.28E+05
1852,4.29E+05
1853,6.36E+05
1854,2.71E+05
1855,2.52E+05
1856,2.26E+05
1857,3.22E+05
1858,6.17E+05
1859,1.70E+05
1860,3.02E+05
1861,1.39E+06
1862,1.76E+06
1863,2.69E+05
1864,4.79E+05
1865,3.54E+05
1866,6.76E+05
1867,5.40E+05
1868,4.09E+05
1869,4.54E+05
1870,1.81E+05
1871,4.81E+05
1872,5.66E+05
1873,2.45E+05
1874,4.80E+05
1875,3.04E+05
1876,5.14E+05
1877,2.71E+05
1878,5.58E+05
1879,9.31E+05
1880,9.11E+05
1881,3.45E+05
1882,4.96E+05
1883,6.78E+05
1884,2.83E+05
1885,5.09E+05
1886,2.80E+05
1887,5.77E+05
1888,3.87E+05
1889,4.77E+05
1890,6.02E+05
1891,2.41E+05
1892,1.14E+06
1893,7.00E+05
1894,1.02E+06
1895,5.27E+05
1896,2.38E+05
1897,1.20E+06
1898,3.40E+05
1899,3.56E+05
1900,3.26E+05
1901,2.55E+05
1902,3.24E+05
1903,4.05E+05
1904,9.20E+05
1905,3.78E+05
1906,5.61E+05
1907,5.53E+05
1908,4.41E+05
1909,7.82E+05
1910,3.12E+05
1911,3.01E+05
1912,6.04E+05
1913,5.05E+05
1914,1.32E+06
1915,7.97E+05
1916,5.44E+05
1917,7.45E+05
1918,6.54E+05
1919,2.61E+05
1920,2.62E+05
1921,4.98E+05
1922,7.03E+05
1923,4.06E+05
1924,4.70E+05
1925,2.69E+05
1926,7.17E+05
1927,2.73E+05
1928,3.70E+05
1929,1.97E+05
1930,2.97E+06
1931,7.61E+05
1932,4.01E+05
1933,2.30E+05
1934,2.20E+05
1935,6.94E+05
1936,4.07E+05
1937,6.89E+05
1938,2.48E+05
1939,5.86E+05
1940,3.15E+05
1941,4.82E+05
1942,3.88E+05
1943,1.17E+06
1944,2.92E+05
1945,7.37E+05
1946,1.32E+06
1947,5.25E+05
1948,3.33E+05
1949,6.32E+05
1950,2.59E+05
1951,2.99E+05
1952,8.35E+05
1953,4.50E+05
1954,4.55E+05
1955,3.95E+05
1956,4.29E+05
1957,6.77E+05
1958,2.73E+05
1959,6.08E+05
1960,5.95E+05
1961,5.24E+05
1962,2.60E+05
1963,2.62E+05
1964,3.81E+05
1965,3.23E+05
1966,4.74E+05
1967,4.99E+05
1968,4.52E+05
1969,4.33E+05
1970,5.90E+05
1971,7.87E+05
1972,3.91E+05
1973,4.64E+05
1974,5.57E+05
1975,3.29E+05
1976,4.16E+05
1977,5.80E+05
1978,2.76E+05
1979,3.63E+05
1980,3.52E+05
1981,4.62E+05
1982,2.34E+05
1983,3.01E+05
1984,4.03E+05
1985,3.89E+05
1986,4.41E+05
1987,6.22E+05
1988,4.57E+05
1989,3.21E+05
1990,4.59E+05
1991,1.31E+06
1992,4.86E+05
1993,5.65E+05
1994,4.49E+05
1995,5.13E+05
1996,9.47E+05
1997,3.77E+05
1998,3.33E+05
1999,2.76E+05
2000,5.16E+05
2001,6.32E+05
2002,5.42E+05
2003,1.95E+05
2004,4.01E+05
2005,4.59E+05
2006,3.49E+05
2007,4.88E+05
2008,1.81E+06
2009,5.88E+05
2010,5.55E+05
2011,2.98E+05
2012,3.61E+05
2013,2.79E+05
2014,6.51E+05
2015,6.36E+05
2016,1.43E+06
2017,4.21E+05
2018,6.60E+05
2019,5.50E+05
2020,1.02E+06
2021,6.91E+05
2022,5.34E+05
2023,4.97E+05
2024,2.95E+05
2025,7.43E+05
2026,6.76E+05
2027,5.93E+05
2028,1.88E+05
2029,5.40E+05
2030,3.38E+05
2031,4.28E+05
2032,3.75E+05
2033,4.56E+05
2034,3.68E+05
2035,6.38E+05
2036,2.65E+05
2037,5.17E+05
2038,4.11E+05
2039,5.22E+05
2040,3.19E+05
2041,4.72E+05
2042,5.42E+05
2043,4.51E+05
2044,3.75E+05
2045,4.00E+05
2046,3.61E+05
2047,9.38E+05
2048,4.87E+05
2049,3.29E+05
2050,2.19E+06
2051,6.35E+05
2052,5.94E+05
2053,2.67E+05
2054,1.23E+06
2055,7.67E+05
2056,5.92E+05
2057,3.16E+05
2058,3.12E+05
2059,3.45E+05
2060,4.92E+05
2061,5.26E+05
2062,3.91E+05
2063,6.80E+05
2064,2.94E+05
2065,9.48E+05
2066,3.40E+05
2067,9.39E+05
2068,3.24E+05
2069,7.22E+05
2070,3.62E+05
2071,4.52E+05
2072,2.16E+06
2073,7.77E+05
2074,3.50E+05
2075,6.02E+05
2076,5.95E+05
2077,6.08E+05
2078,1.95E+05
2079,2.59E+05
2080,2.93E+05
2081,5.98E+05
2082,7.52E+05
2083,3.83E+05
2084,2.50E+05
2085,3.20E+05
2086,8.30E+05
2087,5.02E+05
2088,4.25E+05
2089,1.91E+06
2090,4.00E+05
2091,1.19E+06
2092,9.61E+05
2093,7.11E+05
2094,3.57E+05
2095,2.20E+05
2096,2.87E+05
2097,1.93E+05
2098,9.57E+05
2099,3.28E+05
2100,7.46E+05
2101,3.78E+05
2102,5.58E+05
2103,5.51E+05
2104,4.76E+05
2105,5.08E+05
2106,4.59E+05
2107,3.33E+05
2108,5.29E+05
2109,4.03E+05
2110,3.93E+05
2111,2.34E+06
2112,3.26E+05
2113,6.85E+05
2114,2.26E+05
2115,2.68E+05
2116,4.65E+05
2117,1.14E+06
2118,5.45E+05
2119,4.04E+05
2120,4.66E+05
2121,6.21E+05
2122,6.37E+05
2123,5.32E+05
2124,8.23E+05
2125,4.48E+05
2126,1.03E+06
2127,4.82E+05
2128,3.71E+05
2129,5.81E+05
2130,5.20E+05
2131,5.70E+05
2132,3.76E+05
2133,4.79E+05
2134,7.62E+05
2135,5.00E+05
2136,4.25E+05
2137,5.27E+05
2138,5.12E+05
2139,9.39E+05
2140,3.51E+05
2141,6.49E+05
2142,2.45E+05
2143,2.95E+05
2144,5.27E+05
2145,6.49E+05
2146,7.76E+05
2147,2.03E+05
2148,5.72E+05
2149,2.66E+05
2150,2.04E+05
2151,5.77E+05
2152,3.02E+05
2153,7.24E+05
2154,6.39E+05
2155,3.61E+05
2156,4.44E+05
2157,2.99E+05
2158,5.51E+05
2159,4.52E+05
2160,4.38E+05
2161,3.89E+05
2162,6.70E+05
2163,5.13E+05
2164,7.46E+05
2165,2.51E+05
2166,8.51E+05
2167,6.07E+05
2168,1.47E+06
2169,3.80E+05
2170,6.45E+05
2171,3.29E+05
2172,5.24E+05
2173,8.62E+05
2174,4.19E+05
2175,2.77E+05
2176,2.36E+05
2177,2.53E+05
2178,4.62E+05
2179,3.35E+05
2180,2.54E+05
2181,4.38E+05
2182,6.30E+05
2183,3.53E+05
2184,5.41E+05
2185,3.38E+05
2186,1.80E+05
2187,2.53E+06
2188,2.25E+05
2189,5.60E+05
2190,2.85E+05
2191,4.71E+05
2192,5.78E+05
2193,2.48E+05
2194,4.76E+05
2195,2.60E+05
2196,9.67E+05
2197,1.35E+06
2198,2.15E+05
2199,4.69E+05
2200,7.64E+05
2201,1.39E+06
2202,1.99E+05
2203,4.14E+05
2204,8.11E+05
2205,5.59E+05
2206,5.08E+05
2207,4.00E+05
2208,3.64E+05
2209,4.66E+05
2210,6.67E+05
2211,2.34E+05
2212,4.92E+05
2213,5.49E+05
2214,8.56E+05
2215,6.81E+05
2216,4.64E+05
2217,2.89E+05
2218,1.24E+06
2219,4.49E+05
2220,4.94E+05
2221,1.03E+06
2222,6.03E+05
2223,4.57E+05
2224,9.63E+05
2225,3.20E+05
2226,1.83E+05
2227,3.05E+05
2228,2.02E+05
2229,1.97E+05
2230,3.82E+05
2231,5.43E+05
2232,4.24E+05
2233,4.99E+05
2234,5.31E+05
2235,2.74E+05
2236,1.79E+05
2237,2.63E+05
2238,1.90E+05
2239,5.46E+05
2240,4.93E+05
2241,7.61E+05
2242,1.73E+05
2243,6.89E+05
2244,2.32E+05
2245,5.80E+05
2246,2.02E+05
2247,4.33E+05
2248,2.24E+06
2249,7.53E+05
2250,3.10E+05
2251,7.18E+05
2252,4.48E+05
2253,2.06E+05
2254,2.95E+05
2255,5.63E+05
2256,4.89E+05
2257,3.24E+05
2258,7.17E+05
2259,3.74E+05
2260,7.32E+05
2261,7.58E+05
2262,2.36E+05
2263,2.53E+05
2264,1.87E+05
2265,2.92E+05
2266,4.02E+05
2267,4.11E+05
2268,3.06E+05
2269,3.05E+05
2270,7.36E+05
2271,7.82E+05
2272,6.99E+05
2273,1.09E+06
2274,4.53E+05
2275,7.09E+05
2276,4.13E+05
2277,6.90E+05
2278,6.27E+05
2279,3.59E+05
2280,6.84E+05
2281,4.67E+05
2282,4.35E+05
2283,3.74E+05
2284,4.70E+05
2285,2.89E+05
2286,3.90E+05
2287,6.12E+05
2288,2.08E+05
2289,3.08E+05
2290,1.67E+06
2291,3.14E+05
2292,1.82E+05
2293,6.05E+05
2294,5.72E+05
2295,8.38E+05
2296,2.91E+05
2297,4.75E+05
2298,2.04E+05
2299,2.01E+05
2300,5.03E+05
2301,3.21E+05
2302,4.88E+05
2303,3.01E+05
2304,2.33E+05
2305,6.37E+05
2306,7.61E+05
2307,3.66E+05
2308,1.01E+06
2309,2.76E+05
2310,2.81E+05
2311,3.17E+05
2312,5.70E+05
2313,3.38E+05
2314,6.88E+05
2315,3.78E+05
2316,6.49E+05
2317,4.76E+05
2318,3.15E+05
2319,6.29E+05
2320,5.26E+05
2321,2.65E+05
2322,3.55E+05
2323,4.83E+05
2324,2.45E+05
2325,9.63E+05
2326,1.02E+06
2327,8.41E+05
2328,2.91E+05
2329,2.78E+05
2330,1.15E+06
2331,7.76E+05
2332,9.41E+05
2333,2.41E+05
2334,3.62E+05
2335,3.65E+05
2336,4.76E+05
2337,2.69E+05
2338,3.48E+05
2339,2.05E+05
2340,1.09E+06
2341,2.10E+05
2342,1.05E+06
2343,6.06E+05
2344,2.12E+05
2345,4.45E+05
2346,7.92E+05
2347,4.03E+05
2348,2.50E+05
2349,5.52E+05
2350,2.73E+05
2351,4.03E+05
2352,7.44E+05
2353,2.69E+05
2354,8.53E+05
2355,5.09E+05
2356,4.96E+05
2357,8.67E+05
2358,2.82E+05
2359,2.89E+05
2360,4.96E+05
2361,6.56E+05
2362,5.06E+05
2363,2.72E+05
2364,3.56E+05
2365,5.06E+05
2366,2.52E+05
2367,7.89E+05
2368,4.69E+05
2369,6.29E+05
2370,1.07E+06
2371,4.01E+05
2372,2.69E+05
2373,3.80E+05
2374,2.82E+05
2375,1.05E+06
2376,7.01E+05
2377,2.36E+05
2378,7.16E+05
2379,4.11E+05
2380,4.48E+05
2381,5.20E+05
2382,2.98E+05
2383,6.79E+05
2384,1.09E+06
2385,2.34E+05
2386,4.88E+05
2387,5.60E+05
2388,5.25E+05
2389,2.63E+05
2390,2.26E+05
2391,5.37E+05
2392,4.36E+05
2393,3.11E+05
2394,5.27E+05
2395,6.11E+05
2396,1.11E+06
2397,3.68E+05
2398,1.05E+06
2399,3.58E+05
2400,5.26E+05
2401,3.24E+05
2402,4.43E+05
2403,2.43E+05
2404,6.43E+05
2405,3.87E+05
2406,7.40E+05
2407,7.67E+05
2408,5.23E+05
2409,1.16E+06
2410,1.57E+06
2411,4.54E+05
2412,2.18E+05
2413,4.22E+05
2414,7.74E+05
2415,5.75E+05
2416,3.39E+05
2417,3.47E+05
2418,3.81E+05
2419,3.10E+05
2420,2.75E+05
2421,2.30E+05
2422,4.02E+05
2423,3.89E+05
2424,3.74E+05
2425,4.70E+05
2426,2.64E+05
2427,7.31E+05
2428,7.20E+05
2429,4.49E+05
2430,3.15E+05
2431,2.09E+05
2432,3.30E+05
2433,7.41E+05
2434,3.69E+05
2435,2.48E+05
2436,4.52E+05
2437,4.76E+05
2438,2.88E+05
2439,3.69E+05
2440,2.01E+05
2441,1.40E+06
2442,3.19E+05
2443,3.95E+05
2444,2.14E+05
2445,2.73E+05
2446,2.46E+05
2447,2.70E+05
2448,5.63E+05
2449,4.47E+05
2450,4.96E+05
2451,4.19E+05
2452,5.73E+05
2453,5.42E+05
2454,2.82E+05
2455,7.21E+05
2456,2.91E+05
2457,7.27E+05
2458,5.79E+05
2459,5.73E+05
2460,5.00E+05
2461,5.26E+05
2462,1.00E+06
2463,4.00E+05
2464,2.12E+05
2465,4.24E+05
2466,4.25E+05
2467,3.32E+05
2468,3.78E+05
2469,5.91E+05
2470,5.88E+05
2471,5.60E+05
2472,5.69E+05
2473,7.09E+05
2474,2.83E+05
2475,5.72E+05
2476,2.32E+05
2477,5.39E+05
2478,2.28E+05
2479,4.70E+05
2480,4.48E+05
2481,6.33E+05
2482,1.20E+06
2483,7.02E+05
2484,4.85E+05
2485,3.90E+05
2486,3.62E+05
2487,3.26E+05
2488,2.49E+05
2489,1.15E+06
2490,5.77E+05
2491,7.11E+05
2492,5.96E+05
2493,8.52E+05
2494,7.15E+05
2495,3.45E+05
2496,2.39E+05
2497,6.75E+05
2498,4.29E+05
2499,5.06E+05
2500,1.65E+06
2501,4.03E+05
2502,4.15E+05
2503,2.87E+05
2504,2.31E+05
2505,4.95E+05
2506,2.97E+05
2507,3.68E+05
2508,5.91E+05
2509,5.09E+05
2510,2.04E+05
2511,4.68E+05
2512,5.17E+05
2513,3.25E+05
2514,7.61E+05
2515,3.08E+05
2516,6.08E+05
2517,2.85E+05
2518,1.97E+05
2519,3.51E+05
2520,2.95E+05
2521,2.59E+05
2522,1.87E+06
2523,4.16E+05
2524,2.82E+05
2525,7.71E+05
2526,5.34E+05
2527,3.65E+05
2528,4.47E+05
2529,1.15E+06
2530,3.58E+05
2531,4.50E+05
2532,4.69E+05
2533,3.14E+05
2534,5.78E+05
2535,3.44E+05
2536,4.01E+05
2537,4.88E+05
2538,3.21E+05
2539,6.86E+05
2540,4.39E+05
2541,4.76E+05
2542,5.21E+05
2543,2.66E+05
2544,8.35E+05
2545,6.27E+05
2546,5.97E+05
2547,3.89E+05
2548,6.11E+05
2549,6.38E+05
2550,8.03E+05
2551,7.50E+05
2552,3.20E+05
2553,3.30E+05
2554,3.97E+05
2555,3.99E+05
2556,5.00E+05
2557,3.68E+05
2558,6.44E+05
2559,1.83E+05
2560,4.07E+05
2561,2.54E+05
2562,6.51E+05
2563,4.38E+05
2564,8.13E+05
2565,4.20E+05
2566,6.32E+05
2567,5.13E+05
2568,5.73E+05
2569,4.88E+05
2570,5.80E+05
2571,7.06E+05
2572,3.66E+05
2573,6.81E+05
2574,5.56E+05
2575,2.57E+05
2576,4.40E+05
2577,4.02E+05
2578,3.04E+05
2579,4.58E+05
2580,4.25E+05
2581,1.49E+05
2582,1.43E+06
2583,1.58E+06
2584,3.03E+05
2585,3.10E+05
2586,4.10E+05
2587,2.25E+05
2588,7.26E+05
2589,4.38E+05
2590,3.87E+05
2591,4.68E+05
2592,4.20E+05
2593,8.99E+05
2594,1.64E+06
2595,4.63E+05
2596,4.90E+05
2597,2.75E+05
2598,2.44E+05
2599,3.77E+05
2600,4.63E+05
2601,2.78E+05
2602,5.12E+05
2603,3.99E+05
2604,1.14E+06
2605,4.03E+05
2606,3.59E+05
2607,3.14E+05
2608,3.49E+05
2609,6.22E+05
2610,7.56E+05
2611,4.93E+05
2612,2.95E+05
2613,3.97E+05
2614,7.91E+05
2615,3.82E+05
2616,9.20E+05
2617,5.83E+05
2618,1.97E+05
2619,4.35E+05
2620,2.23E+05
2621,2.63E+05
2622,6.32E+05
2623,3.24E+05
2624,4.63E+05
2625,4.03E+05
2626,4.46E+05
2627,7.13E+05
2628,5.51E+05
2629,2.51E+05
2630,4.24E+05
2631,3.99E+05
2632,5.53E+05
2633,9.76E+05
2634,7.05E+05
2635,6.20E+05
2636,3.19E+05
2637,6.49E+05
2638,6.38E+05
2639,3.59E+05
2640,2.33E+05
2641,4.53E+05
2642,6.16E+05
2643,2.05E+06
2644,4.42E+05
2645,6.38E+05
2646,5.35E+05
2647,2.46E+05
2648,5.36E+05
2649,4.42E+05
2650,5.23E+05
2651,3.11E+05
2652,1.58E+05
2653,4.47E+05
2654,4.84E+05
2655,6.19E+05
2656,4.39E+05
2657,4.35E+05
2658,4.45E+05
2659,4.67E+05
2660,1.97E+05
2661,2.98E+05
2662,5.92E+05
2663,4.84E+05
2664,7.18E+05
2665,2.87E+05
2666,2.03E+05
2667,5.19E+05
2668,2.71E+05
2669,9.37E+05
2670,6.80E+05
2671,2.01E+06
2672,2.88E+05
2673,2.47E+05
2674,6.05E+05
2675,1.51E+06
2676,6.00E+05
2677,4.32E+05
2678,3.00E+05
2679,2.71E+05
2680,5.82E+05
2681,4.32E+05
2682,2.41E+05
2683,3.60E+05
2684,6.37E+05
2685,3.61E+05
2686,2.99E+05
2687,3.94E+05
2688,3.14E+05
2689,6.25E+05
2690,6.95E+05
2691,2.28E+05
2692,5.61E+05
2693,8.10E+05
2694,3.41E+05
2695,3.91E+05
2696,2.77E+05
2697,2.38E+05
2698,2.77E+05
2699,7.20E+05
2700,3.48E+05
2701,2.45E+05
2702,4.36E+05
2703,2.06E+06
2704,3.70E+05
2705,5.61E+05
2706,4.37E+05
2707,7.33E+05
2708,5.50E+05
2709,5.07E+05
2710,2.14E+05
2711,3.34E+05
2712,4.06E+05
2713,3.25E+05
2714,4.74E+05
2715,2.38E+05
2716,8.41E+05
2717,4.26E+05
2718,1.85E+06
2719,8.32E+05
2720,4.47E+05
2721,2.06E+05
2722,4.08E+05
2723,3.15E+05
2724,4.80E+05
2725,5.96E+05
2726,4.45E+05
2727,5.05E+05
2728,6.72E+05
2729,2.04E+05
2730,6.12E+05
2731,5.02E+05
2732,5.74E+05
2733,4.10E+05
2734,2.92E+05
2735,7.96E+05
2736,7.09E+05
2737,3.80E+05
2738,1.88E+06
2739,2.15E+05
2740,2.43E+05
2741,3.86E+05
2742,2.03E+05
2743,3.86E+05
2744,6.21E+05
2745,5.20E+05
2746,2.48E+05
2747,3.09E+05
2748,4.72E+05
2749,4.99E+05
2750,7.88E+05
2751,3.43E+05
2752,2.72E+05
2753,6.10E+05
2754,5.33E+05
2755,2.14E+05
2756,5.71E+05
2757,7.17E+05
2758,3.08E+05
2759,3.31E+05
2760,5.50E+05
2761,5.65E+05
2762,2.75E+05
2763,4.45E+05
2764,2.53E+05
2765,3.46E+05
2766,9.78E+05
2767,3.84E+05
2768,3.74E+05
2769,6.46E+05
2770,3.95E+05
2771,2.38E+05
2772,5.35E+05
2773,5.51E+05
2774,5.43E+05
2775,5.81E+05
2776,4.49E+05
2777,8.72E+05
2778,6.98E+05
2779,9.60E+05
2780,1.94E+05
2781,3.51E+05
2782,3.04E+05
2783,1.98E+05
2784,2.52E+05
2785,1.19E+06
2786,2.92E+05
2787,3.06E+05
2788,1.23E+06
2789,2.26E+05
2790,1.59E+06
2791,2.11E+05
2792,6.22E+05
2793,6.37E+05
2794,7.29E+05
2795,6.64E+05
2796,2.92E+05
2797,2.19E+05
2798,2.69E+05
2799,3.34E+05
2800,5.38E+05
2801,2.59E+05
2802,2.85E+05
2803,9.35E+05
2804,6.90E+05
2805,2.80E+05
2806,3.68E+05
2807,2.91E+05
2808,2.78E+05
2809,1.38E+06
2810,9.42E+05
2811,6.79E+05
2812,2.60E+05
2813,1.02E+06
2814,7.30E+05
2815,5.45E+05
2816,5.32E+05
2817,8.25E+05
2818,4.30E+05
2819,2.43E+05
2820,5.54E+05
2821,1.82E+05
2822,5.28E+05
2823,2.14E+05
2824,2.68E+05
2825,5.51E+05
2826,1.80E+06
2827,4.54E+05
2828,5.72E+05
2829,7.53E+05
2830,4.94E+05
2831,6.13E+05
2832,5.52E+05
2833,6.97E+05
2834,3.91E+05
2835,3.28E+05
2836,2.89E+05
2837,6.10E+05
2838,4.48E+05
2839,1.18E+06
2840,5.70E+05
2841,6.00E+05
2842,4.80E+05
2843,3.86E+05
2844,3.96E+05
2845,4.12E+05
2846,9.42E+05
2847,5.76E+05
2848,3.00E+05
2849,2.84E+05
2850,3.57E+05
2851,2.93E+05
2852,5.58E+05
2853,3.49E+05
2854,4.32E+05
2855,7.26E+05
2856,4.11E+05
2857,7.70E+05
2858,7.08E+05
2859,3.89E+05
2860,2.88E+05
2861,4.24E+05
2862,2.16E+06
2863,3.56E+05
2864,4.20E+05
2865,6.78E+05
2866,3.02E+05
2867,4.00E+05
2868,4.28E+05
2869,3.91E+05
2870,4.83E+05
2871,2.20E+05
2872,3.41E+05
2873,2.96E+05
2874,7.50E+05
2875,5.04E+05
2876,2.00E+05
2877,8.47E+05
2878,4.11E+05
2879,2.92E+05
2880,8.85E+05
2881,3.38E+05
2882,4.56E+05
2883,5.91E+05
2884,3.49E+05
2885,2.59E+05
2886,5.29E+05
2887,3.38E+05
2888,3.50E+05
2889,2.34E+05
2890,4.90E+05
2891,5.59E+05
2892,8.23E+05
2893,5.70E+05
2894,7.42E+05
2895,7.07E+05
2896,3.79E+05
2897,2.98E+05
2898,4.03E+05
2899,3.87E+05
2900,5.30E+05
2901,5.89E+05
2902,2.79E+05
2903,8.90E+05
2904,8.78E+05
2905,3.12E+05
2906,3.47E+05
2907,3.86E+05
2908,3.89E+05
2909,4.61E+05
2910,3.15E+05
2911,9.15E+05
2912,6.44E+05
2913,4.36E+05
2914,6.64E+05
2915,7.95E+05
2916,2.13E+05
2917,6.81E+05
2918,4.85E+05
2919,7.85E+05
2920,8.89E+05
2921,7.50E+05
2922,6.01E+05
2923,5.28E+05
2924,2.42E+05
2925,8.63E+05
2926,7.66E+05
2927,3.01E+05
2928,1.98E+05
2929,4.27E+05
2930,1.02E+06
2931,4.28E+05
2932,1.97E+05
2933,3.46E+05
2934,6.25E+05
2935,1.86E+06
2936,3.95E+05
2937,2.25E+05
2938,8.93E+05
2939,2.17E+05
2940,4.54E+05
2941,3.37E+05
2942,4.31E+05
2943,2.16E+05
2944,2.49E+05
2945,4.58E+05
2946,2.88E+05
2947,6.51E+05
2948,2.89E+05
2949,4.84E+05
2950,2.91E+05
2951,6.70E+05
2952,1.77E+05
2953,7.84E+05
2954,9.34E+05
2955,1.75E+06
2956,5.02E+05
2957,5.69E+05
2958,2.89E+05
2959,6.52E+05
2960,7.95E+05
2961,3.90E+05
2962,3.58E+05
2963,3.44E+05
2964,5.02E+05
2965,4.55E+05
2966,5.42E+05
2967,3.25E+05
2968,2.10E+05
2969,5.52E+05
2970,5.49E+05
2971,4.31E+05
2972,3.01E+05
2973,1.01E+06
2974,5.27E+05
2975,1.20E+06
2976,2.05E+05
2977,1.59E+06
2978,6.42E+05
2979,8.88E+05
2980,5.65E+05
2981,5.43E+05
2982,2.39E+05
2983,3.10E+05
2984,3.12E+05
2985,3.37E+05
2986,4.09E+05
2987,4.23E+05
2988,1.38E+06
2989,1.07E+06
2990,6.68E+05
2991,4.82E+05
2992,2.75E+05
2993,5.17E+05
2994,5.91E+05
2995,4.65E+05
2996,4.03E+05
2997,3.53E+05
2998,1.74E+05
2999,5.53E+05
3000,5.30E+05
3001,4.09E+05
3002,4.28E+05
3003,1.12E+06
3004,6.46E+05
3005,2.25E+05
3006,6.17E+05
3007,5.64E+05
3008,5.71E+05
3009,7.13E+05
3010,3.15E+05
3011,4.73E+05
3012,5.17E+05
3013,2.64E+05
3014,2.67E+05
3015,6.51E+05
3016,2.45E+05
3017,2.59E+05
3018,6.90E+05
3019,2.88E+05
3020,4.12E+05
3021,5.82E+05
3022,4.85E+05
3023,3.60E+05
3024,4.75E+05
3025,6.42E+05
3026,2.83E+05
3027,7.34E+05
3028,4.86E+05
3029,1.13E+06
3030,3.07E+05
3031,7.08E+05
3032,8.09E+05
3033,4.38E+05
3034,3.50E+05
3035,2.43E+06
3036,3.60E+05
3037,5.17E+05
3038,5.98E+05
3039,5.00E+05
3040,2.77E+05
3041,2.09E+05
3042,3.61E+05
3043,1.00E+06
3044,6.30E+05
3045,7.86E+05
3046,1.27E+06
3047,8.92E+05
3048,9.37E+05
3049,2.37E+05
3050,2.75E+05
3051,2.61E+05
3052,2.39E+05
3053,4.73E+05
3054,7.37E+05
3055,1.72E+05
3056,6.84E+05
3057,1.90E+05
3058,7.41E+05
3059,2.89E+05
3060,3.75E+05
3061,7.27E+05
3062,2.29E+05
3063,4.63E+05
3064,7.35E+05
3065,1.13E+06
3066,2.55E+05
3067,2.99E+05
3068,3.12E+05
3069,2.71E+05
3070,3.06E+05
3071,2.91E+05
3072,2.26E+05
3073,5.93E+05
3074,5.12E+05
3075,5.65E+05
3076,4.29E+05
3077,5.28E+05
3078,3.35E+05
3079,3.10E+05
3080,3.47E+05
3081,4.82E+05
3082,6.64E+05
3083,9.93E+05
3084,4.43E+05
3085,1.16E+06
3086,6.86E+05
3087,2.63E+05
3088,5.33E+05
3089,3.94E+05
3090,3.00E+05
3091,3.58E+05
3092,1.49E+06
3093,1.85E+05
3094,3.95E+05
3095,7.21E+05
3096,4.85E+05
3097,3.42E+05
3098,1.17E+06
3099,7.85E+05
3100,6.42E+05
3101,3.55E+05
3102,6.12E+05
3103,4.46E+05
3104,3.82E+05
3105,4.39E+05
3106,5.46E+05
3107,1.78E+05
3108,4.25E+05
3109,7.44E+05
3110,2.39E+05
3111,3.31E+05
3112,1.60E+06
3113,9.70E+05
3114,6.47E+05
3115,4.61E+05
3116,5.80E+05
3117,1.11E+06
3118,6.14E+05
3119,2.45E+05
3120,6.47E+05
3121,3.08E+05
3122,1.57E+06
3123,3.83E+05
3124,1.60E+05
3125,3.04E+05
3126,4.40E+05
3127,5.08E+05
3128,5.75E+05
3129,7.63E+05
3130,8.27E+05
3131,1.83E+05
3132,2.96E+05
3133,7.64E+05
3134,2.68E+05
3135,8.44E+05
3136,3.11E+05
3137,1.28E+06
3138,1.85E+05
3139,6.19E+05
3140,5.07E+05
3141,4.71E+05
3142,2.58E+05
3143,3.14E+05
3144,3.64E+05
3145,2.71E+05
3146,2.64E+05
3147,1.27E+06
3148,7.07E+05
3149,6.86E+05
3150,4.65E+05
3151,5.44E+05
3152,2.38E+05
3153,4.99E+05
3154,6.02E+05
3155,6.09E+05
3156,5.09E+05
3157,1.32E+06
3158,6.74E+05
3159,6.10E+05
3160,3.59E+05
3161,4.25E+05
3162,2.48E+05
3163,4.25E+05
3164,4.30E+05
3165,8.21E+05
3166,6.60E+05
3167,7.18E+05
3168,1.65E+06
3169,3.31E+05
3170,4.46E+05
3171,4.65E+05
3172,3.74E+05
3173,4.38E+05
3174,2.91E+05
3175,5.41E+05
3176,4.33E+05
3177,2.75E+05
3178,6.71E+05
3179,5.22E+05
3180,1.09E+06
3181,1.09E+06
3182,7.87E+05
3183,5.10E+06
3184,2.64E+05
3185,3.18E+05
3186,3.43E+05
3187,2.49E+05
3188,2.24E+05
3189,3.00E+05
3190,2.14E+05
3191,7.33E+05
3192,5.25E+05
3193,6.59E+05
3194,5.09E+05
3195,1.93E+05
3196,1.75E+05
3197,4.61E+05
3198,2.45E+05
3199,4.40E+05
3200,3.72E+05
3201,3.03E+05
3202,2.71E+05
3203,7.10E+05
3204,3.41E+05
3205,7.88E+05
3206,3.21E+05
3207,2.05E+05
3208,5.57E+05
3209,2.76E+05
3210,5.42E+05
3211,5.19E+05
3212,6.99E+05
3213,4.36E+05
3214,3.67E+05
3215,9.59E+05
3216,2.58E+05
3217,1.34E+05
3218,4.56E+05
3219,1.64E+06
3220,2.53E+05
3221,6.11E+05
3222,6.55E+05
3223,2.19E+05
3224,2.39E+05
3225,5.91E+05
3226,6.35E+05
3227,5.01E+05
3228,2.91E+05
3229,3.25E+05
3230,2.10E+05
3231,6.75E+05
3232,2.10E+05
3233,2.52E+05
3234,4.19E+05
3235,9.24E+05
3236,4.01E+05
3237,4.90E+05
3238,2.05E+05
3239,4.51E+05
3240,5.09E+05
3241,6.38E+05
3242,5.86E+05
3243,7.29E+05
3244,2.46E+05
3245,3.98E+05
3246,4.81E+05
3247,5.40E+05
3248,7.78E+05
3249,4.39E+05
3250,3.74E+05
3251,5.80E+05
3252,9.71E+05
3253,5.16E+05
3254,3.55E+05
3255,5.60E+05
3256,4.47E+05
3257,6.78E+05
3258,7.30E+05
3259,1.33E+06
3260,7.11E+05
3261,6.21E+05
3262,4.24E+05
3263,7.40E+05
3264,3.59E+05
3265,2.33E+05
3266,2.55E+05
3267,6.58E+05
3268,3.34E+05
3269,3.27E+05
3270,2.49E+05
3271,2.07E+05
3272,5.81E+05
3273,5.27E+05
3274,3.59E+05
3275,5.10E+05
3276,5.72E+05
3277,4.45E+05
3278,3.64E+05
3279,6.43E+05
3280,6.20E+05
3281,6.64E+05
3282,5.35E+05
3283,6.85E+05
3284,2.63E+05
3285,4.12E+05
3286,7.11E+05
3287,2.68E+05
3288,2.24E+05
3289,4.35E+05
3290,3.78E+05
3291,3.47E+05
3292,3.35E+05
3293,3.11E+05
3294,3.21E+05
3295,4.23E+05
3296,5.75E+05
3297,2.62E+05
3298,2.14E+05
3299,4.76E+05
3300,2.74E+05
3301,5.96E+05
3302,3.47E+05
3303,3.56E+05
3304,3.50E+05
3305,2.98E+05
3306,6.74E+05
3307,3.48E+05
3308,2.47E+05
3309,2.69E+05
3310,2.55E+05
3311,1.87E+05
3312,2.65E+05
3313,6.39E+05
3314,5.26E+05
3315,4.29E+05
3316,5.28E+05
3317,5.40E+05
3318,9.42E+05
3319,7.76E+05
3320,4.42E+05
3321,2.35E+05
3322,3.90E+05
3323,4.66E+05
3324,3.31E+05
3325,2.99E+05
3326,2.99E+05
3327,8.31E+05
3328,6.32E+05
3329,9.18E+05
3330,2.74E+05
3331,4.19E+05
3332,3.63E+05
3333,2.91E+05
3334,6.32E+05
3335,5.82E+05
3336,4.33E+05
3337,8.83E+05
3338,9.21E+05
3339,4.75E+05
3340,3.44E+05
3341,3.69E+05
3342,2.78E+05
3343,5.95E+05
3344,3.78E+05
3345,6.97E+05
3346,1.31E+06
3347,6.88E+05
3348,5.12E+05
3349,4.49E+05
3350,3.81E+05
3351,4.85E+05
3352,3.96E+05
3353,3.35E+05
3354,4.06E+05
3355,3.50E+05
3356,5.14E+05
3357,3.54E+05
3358,2.52E+05
3359,3.61E+05
3360,4.80E+05
3361,3.91E+05
3362,4.51E+05
3363,4.46E+05
3364,4.83E+05
3365,1.96E+05
3366,7.05E+05
3367,5.22E+05
3368,5.55E+05
3369,9.72E+05
3370,7.38E+05
3371,2.56E+05
3372,1.94E+05
3373,3.23E+05
3374,1.64E+05
3375,5.55E+05
3376,4.07E+05
3377,3.95E+05
3378,2.70E+05
3379,2.57E+05
3380,3.52E+05
3381,1.83E+05
3382,6.52E+05
3383,2.40E+05
3384,8.13E+05
3385,1.20E+06
3386,3.03E+05
3387,7.12E+05
3388,2.38E+05
3389,6.18E+05
3390,5.09E+05
3391,5.87E+05
3392,2.92E+05
3393,3.49E+05
3394,4.57E+05
3395,4.98E+05
3396,5.56E+05
3397,7.44E+05
3398,3.08E+05
3399,5.51E+05
3400,5.18E+05
3401,4.73E+05
3402,2.69E+05
3403,8.15E+05
3404,2.37E+05
3405,6.47E+05
3406,3.31E+05
3407,3.62E+05
3408,5.06E+05
3409,7.75E+05
3410,3.04E+05
3411,4.92E+05
3412,7.07E+05
3413,3.78E+05
3414,5.65E+05
3415,2.13E+05
3416,4.41E+05
3417,2.99E+05
3418,2.15E+05
3419,4.86E+05
3420,5.74E+05
3421,4.99E+05
3422,4.46E+05
3423,1.78E+06
3424,7.61E+05
3425,3.78E+05
3426,5.99E+05
3427,6.45E+05
3428,3.70E+05
3429,3.45E+05
3430,4.61E+05
3431,4.84E+05
3432,1.56E+06
3433,3.33E+05
3434,7.06E+05
3435,2.45E+05
3436,4.61E+05
3437,4.37E+05
3438,3.86E+05
3439,5.89E+05
3440,3.76E+05
3441,7.10E+05
3442,6.92E+05
3443,2.59E+05
3444,2.84E+05
3445,5.30E+05
3446,6.20E+05
3447,2.58E+05
3448,7.11E+05
3449,2.21E+05
3450,2.63E+05
3451,3.16E+05
3452,3.87E+05
3453,4.43E+05
3454,3.46E+05
3455,5.16E+05
3456,2.32E+05
3457,4.47E+05
3458,5.46E+05
3459,3.59E+05
3460,8.70E+05
3461,3.29E+05
3462,5.46E+05
3463,4.71E+05
3464,7.75E+05
3465,3.39E+05
3466,7.10E+05
3467,6.50E+05
3468,2.86E+05
3469,3.42E+05
3470,5.92E+05
3471,1.21E+06
3472,4.74E+05
3473,5.72E+05
3474,2.77E+05
3475,4.34E+05
3476,3.82E+05
3477,4.16E+05
3478,5.46E+05
3479,3.31E+05
3480,5.50E+05
3481,3.83E+05
3482,6.25E+05
3483,2.02E+05
3484,5.77E+05
3485,7.57E+05
3486,3.10E+06
3487,2.07E+05
3488,3.17E+05
3489,4.03E+05
3490,3.22E+05
3491,2.00E+05
3492,3.05E+05
3493,2.73E+05
3494,2.66E+05
3495,7.36E+05
3496,2.14E+05
3497,2.29E+05
3498,5.93E+05
3499,3.15E+05
3500,3.86E+05
3501,1.04E+06
3502,4.61E+05
3503,9.86E+05
3504,2.82E+05
3505,3.15E+05
3506,6.73E+05
3507,7.54E+05
3508,2.25E+05
3509,8.31E+05
3510,4.09E+05
3511,4.74E+05
3512,2.79E+05
3513,5.42E+05
3514,5.61E+05
3515,3.09E+05
3516,5.48E+05
3517,5.52E+05
3518,4.81E+05
3519,4.53E+05
3520,3.30E+05
3521,3.38E+05
3522,3.62E+05
3523,1.84E+05
3524,9.47E+05
3525,8.25E+05
3526,2.30E+05
3527,7.01E+05
3528,3.72E+05
3529,7.91E+05
3530,4.24E+05
3531,1.08E+06
3532,5.04E+05
3533,7.72E+05
3534,1.02E+06
3535,2.34E+05
3536,1.80E+05
3537,1.91E+05
3538,3.87E+05
3539,2.53E+05
3540,2.24E+05
3541,3.91E+05
3542,4.88E+05
3543,2.92E+05
3544,2.75E+05
3545,4.00E+05
3546,7.80E+05
3547,4.87E+05
3548,4.62E+05
3549,1.93E+05
3550,7.87E+05
3551,7.98E+05
3552,5.64E+05
3553,5.57E+05
3554,3.35E+05
3555,2.16E+05
3556,5.70E+05
3557,8.31E+05
3558,8.02E+05
3559,1.25E+06
3560,9.01E+05
3561,2.01E+05
3562,2.47E+05
3563,3.96E+05
3564,5.92E+05
3565,1.91E+05
3566,8.20E+05
3567,3.49E+05
3568,2.56E+05
3569,5.58E+05
3570,2.33E+05
3571,4.05E+05
3572,2.32E+05
3573,5.76E+05
3574,3.16E+05
3575,6.01E+05
3576,5.01E+05
3577,8.27E+05
3578,2.82E+05
3579,8.11E+05
3580,5.12E+05
3581,6.35E+05
3582,5.98E+05
3583,4.75E+05
3584,5.83E+05
3585,6.72E+05
3586,3.74E+05
3587,6.07E+05
3588,8.02E+05
3589,8.13E+05
3590,5.73E+05
3591,3.76E+05
3592,4.91E+05
3593,5.34E+05
3594,3.85E+05
3595,5.06E+05
3596,9.34E+05
3597,2.63E+05
3598,6.95E+05
3599,4.36E+05
3600,3.31E+05
3601,5.37E+05
3602,1.76E+05
3603,3.95E+05
3604,8.90E+05
3605,5.81E+05
3606,2.49E+05
3607,5.63E+05
3608,1.10E+06
3609,3.04E+05
3610,1.37E+06
3611,3.90E+05
3612,3.15E+05
3613,2.39E+05
3614,5.72E+05
3615,3.15E+05
3616,7.18E+05
3617,4.40E+05
3618,2.83E+05
3619,1.38E+06
3620,1.02E+06
3621,3.65E+05
3622,5.11E+05
3623,5.37E+05
3624,1.06E+06
3625,3.64E+05
3626,7.55E+05
3627,4.52E+05
3628,5.03E+05
3629,4.70E+05
3630,4.64E+05
3631,1.11E+06
3632,5.42E+05
3633,2.82E+05
3634,3.78E+05
3635,8.43E+05
3636,5.55E+05
3637,7.41E+05
3638,5.20E+05
3639,3.57E+05
3640,6.43E+05
3641,4.35E+05
3642,2.76E+05
3643,6.77E+05
3644,5.38E+05
3645,6.81E+05
3646,3.72E+05
3647,8.18E+05
3648,7.47E+05
3649,5.30E+05
3650,1.03E+06
3651,1.09E+06
3652,1.18E+06
3653,8.55E+05
3654,3.54E+05
3655,1.48E+06
3656,3.96E+05
3657,2.78E+05
3658,4.11E+05
3659,2.18E+05
3660,4.10E+05
3661,5.54E+05
3662,6.04E+05
3663,3.87E+05
3664,8.84E+05
3665,1.70E+06
3666,5.23E+05
3667,6.79E+05
3668,6.33E+05
3669,3.31E+05
3670,3.50E+05
3671,2.76E+05
3672,1.43E+06
3673,6.80E+05
3674,2.88E+05
3675,3.83E+05
3676,2.65E+05
3677,4.80E+05
3678,7.28E+05
3679,6.06E+05
3680,1.27E+06
3681,5.22E+05
3682,2.67E+05
3683,8.38E+05
3684,7.59E+05
3685,2.58E+05
3686,4.33E+05
3687,3.39E+05
3688,2.82E+05
3689,4.79E+05
3690,5.55E+05
3691,2.21E+05
3692,1.32E+06
3693,1.77E+05
3694,7.28E+05
3695,3.26E+05
3696,3.50E+05
3697,3.24E+05
3698,1.93E+05
3699,5.96E+05
3700,6.58E+05
3701,2.57E+05
3702,6.65E+05
3703,3.82E+05
3704,3.71E+05
3705,7.05E+05
3706,3.63E+05
3707,4.46E+05
3708,7.85E+05
3709,4.18E+05
3710,6.27E+05
3711,1.33E+06
3712,3.08E+06
3713,3.48E+05
3714,4.03E+05
3715,4.85E+05
3716,4.26E+05
3717,1.16E+06
3718,4.21E+05
3719,4.43E+05
3720,2.99E+05
3721,8.49E+05
3722,3.95E+05
3723,4.18E+05
3724,3.37E+05
3725,3.45E+05
3726,4.53E+05
3727,3.78E+05
3728,6.28E+05
3729,4.94E+05
3730,6.03E+05
3731,4.22E+05
3732,3.20E+05
3733,6.55E+05
3734,4.29E+05
3735,2.32E+05
3736,4.13E+05
3737,6.91E+05
3738,1.17E+06
3739,2.65E+05
3740,5.86E+05
3741,4.73E+05
3742,5.62E+05
3743,4.00E+05
3744,4.08E+05
3745,4.51E+05
3746,3.62E+05
3747,5.22E+05
3748,2.96E+05
3749,6.54E+05
3750,2.87E+05
3751,4.68E+05
3752,4.86E+05
3753,6.36E+05
3754,7.06E+05
3755,5.11E+05
3756,2.43E+05
3757,3.43E+05
3758,4.53E+05
3759,9.83E+05
3760,9.33E+05
3761,5.40E+05
3762,2.83E+05
3763,3.53E+05
3764,4.96E+05
3765,9.75E+05
3766,5.55E+05
3767,3.14E+05
3768,5.31E+05
3769,1.00E+06
3770,3.65E+05
3771,2.80E+05
3772,2.53E+05
3773,5.50E+05
3774,8.02E+05
3775,1.28E+06
3776,3.88E+05
3777,3.80E+05
3778,4.39E+05
3779,2.78E+05
3780,4.32E+05
3781,6.87E+05
3782,3.49E+05
3783,7.34E+05
3784,3.55E+05
3785,3.47E+05
3786,2.08E+05
3787,6.61E+05
3788,4.58E+05
3789,4.05E+05
3790,8.76E+05
3791,4.11E+05
3792,3.85E+05
3793,8.20E+05
3794,2.77E+05
3795,3.55E+05
3796,3.38E+05
3797,7.73E+05
3798,2.93E+05
3799,7.86E+05
3800,5.34E+05
3801,2.40E+05
3802,2.79E+05
3803,4.68E+05
3804,6.76E+05
3805,3.38E+05
3806,3.99E+05
3807,1.08E+06
3808,2.62E+05
3809,4.24E+05
3810,5.39E+05
3811,2.88E+05
3812,3.21E+05
3813,5.67E+05
3814,4.76E+05
3815,2.92E+05
3816,2.15E+05
3817,7.37E+05
3818,8.43E+05
3819,5.64E+05
3820,5.84E+05
3821,2.56E+05
3822,5.01E+05
3823,4.94E+05
3824,3.12E+05
3825,6.68E+05
3826,4.66E+05
3827,6.06E+05
3828,4.18E+05
3829,2.08E+05
3830,6.42E+05
3831,3.27E+05
3832,3.75E+05
3833,2.87E+05
3834,3.21E+05
3835,6.23E+05
3836,1.06E+06
3837,5.62E+05
3838,5.65E+05
3839,5.67E+05
3840,3.20E+05
3841,1.51E+06
3842,2.56E+05
3843,2.88E+05
3844,1.18E+06
3845,6.96E+05
3846,3.35E+05
3847,5.10E+05
3848,6.81E+05
3849,2.12E+05
3850,5.40E+05
3851,3.18E+05
3852,5.36E+05
3853,3.74E+05
3854,8.99E+05
3855,3.84E+05
3856,5.10E+05
3857,6.48E+05
3858,5.12E+05
3859,3.80E+05
3860,1.51E+05
3861,3.01E+05
3862,2.16E+05
3863,2.79E+05
3864,2.44E+05
3865,2.15E+05
3866,2.83E+05
3867,3.13E+05
3868,4.46E+05
3869,1.69E+06
3870,7.30E+05
3871,1.09E+05
3872,1.14E+06
3873,4.09E+05
3874,1.60E+06
3875,8.96E+05
3876,3.23E+05
3877,3.28E+05
3878,2.92E+05
3879,7.86E+05
3880,4.89E+05
3881,5.35E+05
3882,6.34E+05
3883,3.37E+05
3884,7.67E+05
3885,2.26E+05
3886,2.37E+05
3887,1.77E+05
3888,4.32E+05
3889,5.90E+05
3890,3.26E+05
3891,4.85E+05
3892,4.30E+05
3893,2.23E+05
3894,4.37E+05
3895,1.06E+06
3896,7.52E+05
3897,3.74E+05
3898,3.54E+05
3899,3.97E+05
3900,2.23E+05
3901,3.53E+05
3902,3.75E+05
3903,4.87E+05
3904,1.96E+05
3905,2.98E+05
3906,3.24E+05
3907,5.90E+05
3908,2.14E+05
3909,5.81E+05
3910,3.26E+05
3911,7.36E+05
3912,6.96E+05
3913,4.09E+05
3914,3.91E+05
3915,4.47E+05
3916,6.10E+05
3917,5.13E+05
3918,5.19E+05
3919,6.66E+05
3920,3.68E+05
3921,2.81E+05
3922,4.85E+05
3923,3.52E+05
3924,5.73E+05
3925,2.18E+05
3926,3.67E+05
3927,5.44E+05
3928,2.92E+05
3929,3.02E+05
3930,3.06E+05
3931,3.52E+05
3932,2.37E+05
3933,2.84E+05
3934,3.90E+05
3935,4.29E+05
3936,4.04E+05
3937,9.18E+05
3938,5.76E+05
3939,5.07E+05
3940,3.53E+05
3941,2.36E+05
3942,4.98E+05
3943,5.80E+05
3944,3.09E+05
3945,6.09E+05
3946,5.98E+05
3947,5.36E+05
3948,1.94E+05
3949,2.94E+05
3950,5.49E+05
3951,1.06E+06
3952,3.66E+05
3953,4.50E+05
3954,7.02E+05
3955,6.98E+05
3956,5.29E+05
3957,2.95E+05
3958,1.36E+06
3959,3.92E+05
3960,6.63E+05
3961,3.64E+05
3962,2.22E+05
3963,4.03E+05
3964,6.33E+05
3965,3.56E+05
3966,4.03E+05
3967,5.64E+05
3968,1.64E+06
3969,2.94E+05
3970,6.53E+05
3971,3.19E+05
3972,4.82E+05
3973,5.58E+05
3974,1.99E+05
3975,4.31E+05
3976,5.03E+05
3977,7.49E+05
3978,5.76E+05
3979,1.72E+06
3980,4.54E+05
3981,2.84E+05
3982,4.54E+05
3983,2.98E+05
3984,1.05E+06
3985,6.17E+05
3986,6.43E+05
3987,3.73E+05
3988,4.20E+05
3989,1.07E+06
3990,8.55E+05
3991,4.81E+05
3992,3.28E+05
3993,3.57E+05
3994,4.46E+05
3995,2.37E+05
3996,4.18E+05
3997,3.97E+05
3998,5.19E+05
3999,5.46E+05
4000,4.48E+05
4001,4.50E+05
4002,3.34E+05
4003,4.05E+05
4004,9.83E+05
4005,2.15E+05
4006,5.30E+05
4007,5.49E+05
4008,6.75E+05
4009,3.04E+05
4010,4.77E+05
4011,3.47E+05
4012,6.00E+05
4013,4.01E+05
4014,1.33E+06
4015,2.00E+05
4016,3.41E+05
4017,5.40E+05
4018,3.38E+05
4019,1.13E+06
4020,4.04E+05
4021,7.89E+05
4022,8.15E+05
4023,4.79E+05
4024,2.18E+05
4025,2.00E+06
4026,5.55E+05
4027,5.48E+05
4028,4.09E+05
4029,9.59E+05
4030,6.89E+05
4031,3.26E+05
4032,8.68E+05
4033,2.72E+06
4034,2.80E+06
4035,4.32E+05
4036,4.18E+05
4037,2.46E+05
4038,5.92E+05
4039,6.59E+05
4040,1.94E+05
4041,4.41E+05
4042,2.79E+05
4043,1.98E+05
4044,3.65E+05
4045,6.53E+05
4046,3.16E+05
4047,5.69E+05
4048,4.46E+05
4049,5.48E+05
4050,5.16E+05
4051,3.50E+05
4052,9.40E+05
4053,4.04E+05
4054,4.34E+05
4055,3.00E+05
4056,3.04E+05
4057,3.34E+05
4058,3.37E+05
4059,2.94E+05
4060,4.58E+05
4061,3.48E+05
4062,4.43E+05
4063,5.80E+05
4064,1.44E+06
4065,5.12E+05
4066,3.11E+05
4067,2.56E+05
4068,4.33E+05
4069,3.20E+05
4070,6.62E+05
4071,3.70E+05
4072,3.17E+05
4073,3.26E+05
4074,1.93E+05
4075,4.74E+05
4076,5.25E+05
4077,2.05E+05
4078,4.67E+05
4079,2.86E+05
4080,1.94E+05
4081,5.62E+05
4082,1.73E+06
4083,5.45E+05
4084,5.51E+05
4085,6.91E+05
4086,1.01E+06
4087,2.57E+05
4088,2.59E+05
4089,8.68E+05
4090,3.88E+05
4091,5.58E+05
4092,9.80E+05
4093,3.46E+05
4094,5.88E+05
4095,6.16E+05
4096,2.77E+05
4097,6.43E+05
4098,2.95E+05
4099,7.40E+05
4100,1.91E+05
4101,7.23E+05
4102,2.54E+05
4103,4.85E+05
4104,5.49E+05
4105,1.28E+06
4106,3.20E+06
4107,4.45E+05
4108,8.33E+05
4109,3.27E+05
4110,3.27E+05
4111,8.94E+05
4112,3.40E+05
4113,6.93E+05
4114,3.28E+05
4115,2.25E+05
4116,1.86E+05
4117,7.17E+05
4118,2.80E+05
4119,3.55E+05
4120,6.29E+05
4121,3.55E+05
4122,3.03E+05
4123,2.75E+05
4124,2.64E+05
4125,5.43E+05
4126,4.79E+05
4127,5.24E+05
4128,4.82E+05
4129,3.46E+05
4130,4.00E+05
4131,5.19E+05
4132,7.35E+05
4133,3.99E+05
4134,4.80E+05
4135,3.68E+05
4136,9.83E+05
4137,1.91E+05
4138,4.43E+05
4139,1.76E+05
4140,1.75E+06
4141,7.70E+05
4142,2.89E+05
4143,1.76E+05
4144,1.97E+05
4145,2.95E+05
4146,1.08E+06
4147,4.82E+05
4148,6.89E+05
4149,3.53E+05
4150,4.91E+05
4151,7.91E+05
4152,1.10E+06
4153,1.23E+06
4154,3.77E+05
4155,2.52E+06
4156,2.93E+05
4157,3.80E+05
4158,2.05E+05
4159,4.11E+05
4160,6.01E+05
4161,9.43E+05
4162,4.55E+05
4163,4.05E+05
4164,4.15E+05
4165,2.67E+05
4166,1.33E+06
4167,5.49E+05
4168,5.15E+05
4169,8.32E+05
4170,3.86E+05
4171,2.56E+05
4172,5.96E+05
4173,7.30E+05
4174,8.87E+05
4175,4.75E+05
4176,3.82E+05
4177,2.52E+05
4178,6.27E+05
4179,4.65E+05
4180,3.97E+05
4181,5.85E+05
4182,5.94E+05
4183,2.23E+05
4184,3.51E+05
4185,9.77E+05
4186,2.40E+05
4187,6.15E+05
4188,8.48E+05
4189,4.01E+05
4190,2.87E+05
4191,4.52E+05
4192,2.89E+05
4193,3.46E+05
4194,2.94E+05
4195,6.06E+05
4196,5.27E+05
4197,4.87E+05
4198,2.99E+05
4199,2.34E+05
4200,1.51E+05
4201,8.00E+05
4202,4.90E+05
4203,2.67E+05
4204,2.13E+05
4205,3.13E+05
4206,5.93E+05
4207,2.53E+05
4208,2.01E+05
4209,3.74E+05
4210,6.77E+05
4211,4.90E+05
4212,5.60E+05
4213,3.22E+05
4214,1.02E+06
4215,5.54E+05
4216,3.32E+05
4217,7.55E+05
4218,1.52E+06
4219,3.44E+05
4220,8.24E+05
4221,1.45E+06
4222,2.16E+05
4223,3.18E+05
4224,2.75E+05
4225,4.78E+05
4226,7.06E+05
4227,3.75E+05
4228,4.93E+05
4229,1.42E+06
4230,2.47E+05
4231,1.35E+06
4232,9.11E+05
4233,4.35E+05
4234,4.78E+05
4235,6.80E+05
4236,7.45E+05
4237,9.80E+05
4238,4.03E+05
4239,4.66E+05
4240,3.18E+05
4241,2.21E+05
4242,2.73E+05
4243,3.88E+05
4244,6.13E+05
4245,2.54E+05
4246,6.26E+05
4247,2.54E+05
4248,5.48E+05
4249,6.24E+05
4250,2.24E+05
4251,2.84E+05
4252,7.61E+05
4253,3.54E+05
4254,7.74E+05
4255,5.30E+05
4256,5.63E+05
4257,1.96E+05
4258,6.52E+05
4259,2.03E+05
4260,6.80E+05
4261,4.71E+05
4262,2.40E+05
4263,5.66E+05
4264,2.28E+05
4265,2.06E+05
4266,6.16E+05
4267,4.51E+05
4268,3.43E+05
4269,9.11E+05
4270,4.58E+05
4271,6.58E+05
4272,2.68E+05
4273,3.06E+05
4274,4.94E+05
4275,4.06E+05
4276,9.05E+05
4277,3.47E+05
4278,4.16E+05
4279,3.17E+05
4280,3.14E+05
4281,5.34E+05
4282,6.46E+05
4283,5.44E+05
4284,1.65E+06
4285,1.91E+05
4286,4.82E+05
4287,1.93E+05
4288,2.13E+05
4289,8.22E+05
4290,4.99E+05
4291,4.53E+05
4292,2.86E+05
4293,1.16E+06
4294,4.15E+05
4295,4.24E+05
4296,3.73E+05
4297,7.08E+05
4298,3.18E+05
4299,1.05E+06
4300,2.81E+05
4301,2.92E+05
4302,3.96E+05
4303,4.07E+05
4304,3.20E+05
4305,4.99E+05
4306,5.80E+05
4307,2.87E+05
4308,3.09E+05
4309,6.01E+05
4310,4.52E+05
4311,5.10E+05
4312,4.20E+05
4313,4.01E+05
4314,4.13E+05
4315,3.56E+05
4316,4.28E+05
4317,3.82E+05
4318,1.51E+06
4319,2.51E+05
4320,5.86E+05
4321,2.05E+05
4322,5.07E+05
4323,4.90E+05
4324,5.01E+05
4325,4.10E+05
4326,3.59E+05
4327,8.63E+05
4328,3.98E+05
4329,5.10E+05
4330,3.88E+05
4331,9.32E+05
4332,3.71E+05
4333,5.54E+05
4334,2.44E+05
4335,9.05E+05
4336,6.65E+05
4337,7.10E+05
4338,2.12E+05
4339,2.03E+05
4340,3.67E+05
4341,8.37E+05
4342,2.27E+05
4343,6.57E+05
4344,4.00E+05
4345,7.48E+05
4346,2.16E+05
4347,8.22E+05
4348,9.07E+05
4349,3.91E+05
4350,3.36E+05
4351,3.97E+05
4352,3.90E+05
4353,4.36E+05
4354,6.44E+05
4355,3.48E+05
4356,2.80E+05
4357,6.28E+05
4358,2.95E+05
4359,3.38E+05
4360,3.28E+05
4361,7.07E+05
4362,2.76E+05
4363,2.82E+05
4364,3.28E+05
4365,4.17E+05
4366,5.00E+05
4367,2.34E+05
4368,5.48E+05
4369,2.96E+05
4370,3.93E+05
4371,4.75E+05
4372,9.61E+05
4373,4.78E+05
4374,3.22E+05
4375,2.77E+05
4376,3.27E+05
4377,3.32E+05
4378,5.59E+05
4379,5.29E+05
4380,3.11E+05
4381,5.81E+05
4382,1.59E+06
4383,2.90E+05
4384,3.03E+05
4385,2.18E+05
4386,2.49E+05
4387,1.66E+06
4388,8.57E+05
4389,1.72E+05
4390,6.98E+05
4391,2.67E+05
4392,4.65E+05
4393,6.65E+05
4394,4.25E+05
4395,5.76E+05
4396,4.93E+05
4397,5.02E+05
4398,5.08E+05
4399,5.70E+05
4400,3.62E+05
4401,5.12E+05
4402,4.52E+05
4403,3.03E+05
4404,1.02E+06
4405,4.46E+05
4406,5.91E+05
4407,7.92E+05
4408,1.99E+05
4409,6.11E+05
4410,2.45E+05
4411,1.08E+06
4412,5.52E+05
4413,1.18E+06
4414,6.01E+05
4415,7.30E+05
4416,4.83E+05
4417,5.85E+05
4418,9.44E+05
4419,3.93E+05
4420,2.47E+05
4421,5.99E+05
4422,5.31E+05
4423,2.52E+05
4424,4.65E+05
4425,6.07E+05
4426,5.47E+05
4427,4.81E+05
4428,2.99E+05
4429,5.15E+05
4430,3.94E+05
4431,2.78E+05
4432,8.48E+05
4433,3.83E+05
4434,5.27E+05
4435,5.34E+05
4436,5.70E+05
4437,4.72E+05
4438,2.06E+06
4439,2.60E+05
4440,4.18E+05
4441,2.31E+05
4442,5.05E+05
4443,7.99E+05
4444,1.81E+05
4445,2.88E+05
4446,6.26E+05
4447,2.99E+05
4448,5.60E+05
4449,5.26E+05
4450,4.15E+05
4451,2.53E+05
4452,8.20E+05
4453,3.41E+05
4454,4.61E+05
4455,4.66E+05
4456,6.87E+05
4457,5.33E+05
4458,5.50E+05
4459,7.68E+05
4460,3.07E+05
4461,3.29E+05
4462,3.19E+05
4463,9.23E+05
4464,6.90E+05
4465,1.93E+05
4466,2.07E+05
4467,3.51E+05
4468,2.15E+05
4469,2.49E+05
4470,7.15E+05
4471,4.11E+05
4472,3.64E+05
4473,2.77E+05
4474,3.92E+05
4475,1.15E+05
4476,5.88E+05
4477,4.55E+05
4478,2.90E+05
4479,3.05E+05
4480,3.00E+05
4481,1.13E+06
4482,2.42E+05
4483,4.37E+05
4484,3.25E+05
4485,6.45E+05
4486,5.79E+05
4487,3.47E+05
4488,6.92E+05
4489,7.41E+05
4490,5.94E+05
4491,4.96E+05
4492,3.89E+05
4493,2.83E+05
4494,5.37E+05
4495,5.31E+05
4496,2.17E+05
4497,2.10E+06
4498,3.41E+05
4499,4.48E+05
4500,4.32E+05
4501,2.94E+05
4502,1.07E+06
4503,4.71E+05
4504,2.13E+05
4505,3.49E+05
4506,6.43E+05
4507,2.36E+05
4508,5.01E+05
4509,8.59E+05
4510,5.83E+05
4511,6.69E+05
4512,6.43E+05
4513,7.89E+05
4514,3.70E+05
4515,4.65E+05
4516,6.80E+05
4517,9.37E+05
4518,1.88E+05
4519,2.91E+05
4520,3.14E+05
4521,5.83E+05
4522,5.92E+05
4523,5.00E+05
4524,4.52E+05
4525,2.52E+05
4526,6.43E+05
4527,5.06E+05
4528,2.49E+05
4529,3.77E+05
4530,2.93E+05
4531,2.96E+05
4532,4.01E+05
4533,7.11E+05
4534,6.47E+05
4535,3.65E+05
4536,2.82E+05
4537,3.07E+05
4538,6.00E+05
4539,4.55E+05
4540,2.24E+05
4541,4.17E+05
4542,2.60E+05
4543,2.34E+05
4544,3.34E+05
4545,1.94E+05
4546,1.10E+06
4547,4.18E+05
4548,2.68E+05
4549,3.03E+05
4550,6.65E+05
4551,3.72E+05
4552,9.48E+05
4553,4.38E+05
4554,3.14E+05
4555,2.76E+05
4556,4.45E+05
4557,5.39E+05
4558,5.91E+05
4559,6.39E+05
4560,6.60E+05
4561,7.35E+05
4562,1.01E+06
4563,3.63E+05
4564,2.44E+05
4565,5.81E+05
4566,6.40E+05
4567,3.22E+05
4568,5.27E+05
4569,6.94E+05
4570,6.44E+05
4571,1.80E+05
4572,4.88E+05
4573,5.68E+05
4574,4.88E+05
4575,4.85E+05
4576,2.55E+05
4577,4.17E+05
4578,5.49E+05
4579,3.49E+05
4580,7.24E+05
4581,7.17E+05
4582,6.07E+05
4583,8.31E+05
4584,2.81E+05
4585,3.73E+05
4586,7.00E+05
4587,5.53E+05
4588,2.74E+05
4589,2.83E+05
4590,1.76E+06
4591,3.19E+05
4592,1.92E+05
4593,3.69E+05
4594,5.41E+05
4595,4.05E+05
4596,3.39E+05
4597,4.51E+05
4598,4.82E+05
4599,5.18E+05
4600,4.13E+05
4601,6.26E+05
4602,6.81E+05
4603,3.38E+05
4604,3.01E+05
4605,2.86E+05
4606,5.92E+05
4607,3.77E+05
4608,3.13E+05
4609,6.00E+05
4610,5.63E+05
4611,2.18E+05
4612,6.62E+05
4613,3.24E+05
4614,2.19E+05
4615,3.89E+05
4616,4.81E+05
4617,4.10E+05
4618,2.42E+05
4619,3.41E+05
4620,2.22E+05
4621,5.20E+05
4622,4.54E+05
4623,4.46E+05
4624,6.46E+05
4625,6.24E+05
4626,3.27E+05
4627,4.42E+05
4628,2.19E+05
4629,2.73E+05
4630,2.74E+05
4631,8.10E+05
4632,1.20E+06
4633,4.49E+05
4634,7.16E+05
4635,6.46E+05
4636,5.32E+05
4637,4.88E+05
4638,7.92E+05
4639,2.95E+05
4640,2.22E+05
4641,2.21E+05
4642,2.61E+05
4643,4.85E+05
4644,2.04E+05
4645,1.24E+06
4646,3.61E+05
4647,2.91E+05
4648,3.66E+05
4649,5.03E+05
4650,3.77E+05
4651,2.77E+05
4652,8.19E+05
4653,3.42E+05
4654,5.41E+05
4655,2.54E+05
4656,2.54E+05
4657,6.25E+05
4658,4.44E+05
4659,4.74E+05
4660,1.16E+06
4661,2.89E+05
4662,1.05E+06
4663,1.03E+06
4664,4.86E+05
4665,3.92E+05
4666,3.25E+05
4667,2.08E+05
4668,5.31E+05
4669,2.66E+05
4670,7.22E+05
4671,6.64E+05
4672,3.68E+05
4673,2.30E+06
4674,5.83E+05
4675,6.04E+05
4676,3.64E+05
4677,1.16E+06
4678,6.44E+05
4679,3.44E+05
4680,3.27E+05
4681,5.40E+05
4682,2.48E+05
4683,6.52E+05
4684,4.30E+05
4685,2.38E+05
4686,4.41E+05
4687,8.28E+05
4688,4.51E+05
4689,4.79E+05
4690,6.65E+05
4691,2.00E+05
4692,2.83E+05
4693,3.06E+05
4694,4.85E+05
4695,2.69E+05
4696,8.08E+05
4697,1.66E+06
4698,2.46E+05
4699,5.43E+05
4700,3.71E+05
4701,4.22E+05
4702,5.38E+05
4703,5.73E+05
4704,3.20E+05
4705,9.26E+05
4706,2.77E+05
4707,6.78E+05
4708,5.06E+05
4709,3.23E+05
4710,3.32E+05
4711,3.14E+05
4712,4.05E+05
4713,6.87E+05
4714,5.96E+05
4715,7.03E+05
4716,3.11E+05
4717,2.57E+05
4718,3.04E+05
4719,2.49E+05
4720,5.31E+05
4721,4.09E+05
4722,3.49E+05
4723,2.91E+05
4724,3.93E+05
4725,3.59E+05
4726,1.75E+05
4727,5.70E+05
4728,2.08E+05
4729,6.32E+05
4730,2.24E+05
4731,6.07E+05
4732,7.64E+05
4733,2.26E+05
4734,7.49E+05
4735,6.83E+05
4736,1.18E+06
4737,3.99E+05
4738,5.18E+05
4739,3.43E+05
4740,1.77E+05
4741,5.32E+05
4742,7.83E+05
4743,1.03E+06
4744,3.15E+05
4745,9.86E+05
4746,9.09E+05
4747,3.92E+05
4748,1.00E+06
4749,5.36E+05
4750,9.75E+05
4751,3.41E+05
4752,2.40E+05
4753,2.82E+05
4754,1.09E+06
4755,8.62E+05
4756,5.31E+05
4757,5.13E+05
4758,3.55E+05
4759,3.36E+05
4760,4.92E+05
4761,7.42E+05
4762,1.09E+06
4763,3.53E+05
4764,5.41E+05
4765,7.61E+05
4766,9.17E+05
4767,3.37E+05
4768,5.73E+05
4769,5.90E+05
4770,5.70E+05
4771,4.99E+05
4772,4.58E+05
4773,4.69E+05
4774,4.21E+05
4775,3.48E+05
4776,5.72E+05
4777,5.34E+05
4778,4.67E+05
4779,4.19E+05
4780,2.27E+05
4781,3.06E+05
4782,1.47E+05
4783,2.26E+05
4784,8.03E+05
4785,3.94E+05
4786,5.14E+05
4787,4.34E+05
4788,6.71E+05
4789,2.52E+05
4790,2.55E+05
4791,6.88E+05
4792,4.99E+05
4793,3.62E+05
4794,8.35E+05
4795,5.68E+05
4796,9.07E+05
4797,2.37E+05
4798,3.33E+05
4799,4.75E+05
4800,4.38E+05
4801,1.03E+06
4802,2.99E+05
4803,3.71E+05
4804,4.10E+05
4805,9.25E+05
4806,2.35E+05
4807,6.32E+05
4808,7.21E+05
4809,2.57E+05
4810,3.99E+05
4811,3.40E+05
4812,5.89E+05
4813,9.00E+05
4814,6.51E+05
4815,4.78E+05
4816,2.92E+05
4817,4.55E+05
4818,6.41E+05
4819,4.57E+05
4820,8.66E+05
4821,2.47E+05
4822,2.06E+05
4823,3.57E+05
4824,9.78E+05
4825,7.38E+05
4826,3.32E+05
4827,5.95E+05
4828,6.19E+05
4829,3.44E+05
4830,2.28E+05
4831,1.44E+06
4832,7.08E+05
4833,3.75E+05
4834,1.19E+06
4835,2.23E+05
4836,6.42E+05
4837,5.17E+05
4838,1.41E+06
4839,2.36E+05
4840,2.52E+05
4841,2.03E+05
4842,1.70E+05
4843,2.59E+05
4844,5.59E+05
4845,3.83E+05
4846,6.03E+05
4847,1.18E+06
4848,8.41E+05
4849,2.47E+05
4850,1.83E+05
4851,1.22E+06
4852,3.05E+05
4853,5.23E+05
4854,5.29E+05
4855,3.50E+05
4856,5.16E+05
4857,4.55E+05
4858,2.97E+05
4859,1.97E+05
4860,3.39E+05
4861,6.27E+05
4862,6.32E+05
4863,3.45E+05
4864,5.37E+05
4865,3.70E+05
4866,2.05E+05
4867,1.95E+05
4868,7.27E+05
4869,1.05E+06
4870,4.15E+05
4871,3.68E+05
4872,5.51E+05
4873,2.00E+05
4874,5.57E+05
4875,2.13E+06
4876,4.05E+05
4877,3.03E+05
4878,1.11E+06
4879,3.74E+05
4880,8.90E+05
4881,6.39E+05
4882,2.66E+05
4883,3.98E+05
4884,4.49E+05
4885,3.80E+05
4886,3.21E+05
4887,2.06E+05
4888,2.93E+05
4889,8.16E+05
4890,4.72E+05
4891,3.38E+05
4892,6.14E+05
4893,9.50E+05
4894,3.15E+05
4895,2.99E+05
4896,2.97E+05
4897,3.06E+05
4898,2.08E+05
4899,3.32E+05
4900,4.19E+05
4901,5.07E+05
4902,3.07E+05
4903,2.71E+05
4904,7.72E+05
4905,1.45E+05
4906,3.18E+05
4907,6.86E+05
4908,6.07E+05
4909,4.62E+05
4910,4.70E+05
4911,2.62E+05
4912,4.08E+05
4913,1.13E+06
4914,5.18E+05
4915,2.84E+05
4916,2.22E+05
4917,2.54E+05
4918,4.32E+05
4919,7.33E+05
4920,2.63E+05
4921,8.66E+05
4922,3.48E+05
4923,5.61E+05
4924,5.40E+05
4925,3.36E+05
4926,3.49E+05
4927,3.13E+05
4928,6.21E+05
4929,8.95E+05
4930,5.85E+05
4931,5.44E+05
4932,3.01E+05
4933,9.49E+05
4934,1.43E+06
4935,2.53E+05
4936,2.85E+05
4937,8.79E+05
4938,5.44E+05
4939,3.92E+05
4940,4.31E+05
4941,6.90E+05
4942,3.50E+05
4943,6.36E+05
4944,2.72E+05
4945,3.67E+05
4946,5.11E+05
4947,6.77E+05
4948,3.05E+05
4949,2.62E+05
4950,4.73E+05
4951,2.27E+05
4952,3.95E+05
4953,4.18E+05
4954,5.38E+05
4955,3.33E+05
4956,4.15E+05
4957,4.01E+05
4958,4.17E+05
4959,8.74E+05
4960,5.82E+05
4961,7.54E+05
4962,5.47E+05
4963,6.19E+05
4964,4.31E+05
4965,6.72E+05
4966,3.55E+05
4967,4.78E+05
4968,3.81E+05
4969,4.51E+05
4970,6.38E+05
4971,1.17E+06
4972,2.04E+06
4973,7.84E+05
4974,2.93E+05
4975,2.83E+05
4976,2.85E+05
4977,2.71E+05
4978,2.27E+05
4979,4.44E+05
4980,3.50E+05
4981,4.96E+05
4982,3.88E+05
4983,6.26E+05
4984,2.18E+05
4985,5.50E+05
4986,7.31E+05
4987,2.09E+06
4988,2.68E+05
4989,4.58E+05
4990,3.04E+05
4991,2.33E+05
4992,3.20E+05
4993,1.78E+05
4994,8.80E+05
4995,1.06E+06
4996,6.50E+05
4997,5.96E+05
4998,2.93E+05
4999,2.55E+05
5000,4.02E+05
5001,7.01E+05
5002,3.22E+05
5003,4.00E+05
5004,6.13E+05
5005,6.66E+05
5006,2.49E+05
5007,6.31E+05
5008,4.62E+05
5009,3.46E+05
5010,3.17E+05
5011,3.01E+05
5012,5.58E+05
5013,3.56E+05
5014,5.26E+05
5015,4.33E+05
5016,8.78E+05
5017,3.46E+05
5018,2.35E+05
5019,2.36E+05
5020,1.10E+06
5021,2.27E+05
5022,3.82E+05
5023,5.65E+05
5024,5.20E+05
5025,5.72E+05
5026,7.04E+05
5027,1.38E+06
5028,5.52E+05
5029,3.55E+05
5030,1.99E+05
5031,7.92E+05
5032,2.55E+05
5033,4.59E+05
5034,3.93E+05
5035,2.13E+05
5036,3.83E+05
5037,4.72E+05
5038,3.27E+05
5039,6.50E+05
5040,9.20E+05
5041,2.76E+05
5042,1.96E+05
5043,4.32E+05
5044,2.34E+05
5045,7.08E+05
5046,2.53E+05
5047,1.36E+06
5048,6.15E+05
5049,2.30E+05
5050,5.32E+05
5051,1.39E+06
5052,3.80E+05
5053,1.04E+06
5054,2.89E+05
5055,2.04E+05
5056,1.67E+05
5057,5.61E+05
5058,3.20E+05
5059,3.30E+05
5060,2.02E+05
5061,5.25E+05
5062,3.80E+05
5063,6.74E+05
5064,3.99E+05
5065,4.81E+05
5066,5.59E+05
5067,3.72E+05
5068,4.85E+05
5069,6.92E+05
5070,3.94E+05
5071,5.61E+05
5072,1.02E+06
5073,3.97E+05
5074,4.87E+05
5075,2.76E+05
5076,6.05E+05
5077,1.04E+06
5078,3.14E+05
5079,5.15E+05
5080,6.52E+05
5081,4.19E+05
5082,4.26E+05
5083,2.71E+05
5084,7.89E+05
5085,2.28E+05
5086,3.41E+05
5087,5.65E+05
5088,4.43E+05
5089,5.48E+05
5090,3.91E+05
5091,3.18E+05
5092,3.60E+05
5093,5.11E+05
5094,2.71E+05
5095,3.50E+05
5096,3.03E+05
5097,7.50E+05
5098,3.05E+05
5099,4.46E+05
5100,4.31E+05
5101,4.95E+05
5102,2.01E+06
5103,3.76E+05
5104,8.22E+05
5105,5.55E+05
5106,3.56E+05
5107,3.29E+05
5108,3.33E+05
5109,5.91E+05
5110,2.73E+05
5111,3.57E+05
5112,3.75E+05
5113,4.05E+05
5114,7.77E+05
5115,3.06E+05
5116,1.16E+06
5117,6.06E+05
5118,6.63E+05
5119,3.12E+05
5120,1.37E+06
5121,7.95E+05
5122,5.88E+05
5123,1.07E+06
5124,2.71E+05
5125,2.21E+05
5126,5.65E+05
5127,3.59E+05
5128,1.08E+06
5129,7.42E+05
5130,1.31E+06
5131,9.00E+05
5132,7.99E+05
5133,7.49E+05
5134,6.12E+05
5135,2.58E+05
5136,5.27E+05
5137,3.46E+05
5138,3.45E+05
5139,5.81E+05
5140,9.01E+05
5141,6.46E+05
5142,5.00E+05
5143,2.25E+05
5144,4.95E+05
5145,1.57E+05
5146,4.09E+05
5147,3.85E+05
5148,2.80E+05
5149,2.95E+05
5150,9.68E+05
5151,8.69E+05
5152,8.66E+05
5153,5.05E+05
5154,8.52E+05
5155,3.72E+05
5156,4.03E+05
5157,4.11E+05
5158,2.32E+05
5159,3.58E+05
5160,2.47E+05
5161,7.75E+05
5162,5.90E+05
5163,3.63E+05
5164,2.46E+05
5165,9.37E+05
5166,3.01E+05
5167,3.62E+05
5168,3.31E+05
5169,3.76E+05
5170,2.77E+05
5171,5.96E+05
5172,3.95E+05
5173,3.20E+05
5174,2.64E+05
5175,3.64E+05
5176,5.66E+05
5177,3.15E+05
5178,4.26E+05
5179,1.73E+05
5180,1.70E+06
5181,5.33E+05
5182,4.89E+05
5183,3.08E+05
5184,1.98E+05
5185,1.72E+05
5186,3.72E+05
5187,2.25E+05
5188,2.64E+05
5189,6.76E+05
5190,2.82E+05
5191,1.38E+06
5192,1.93E+05
5193,3.24E+05
5194,5.59E+05
5195,3.31E+05
5196,5.87E+05
5197,7.95E+05
5198,1.89E+05
5199,5.05E+05
5200,7.27E+05
5201,9.09E+05
5202,4.57E+05
5203,7.96E+05
5204,1.19E+06
5205,3.83E+05
5206,3.33E+05
5207,8.44E+05
5208,7.95E+05
5209,3.26E+05
5210,3.74E+05
5211,3.00E+05
5212,7.96E+05
5213,6.67E+05
5214,3.66E+05
5215,4.36E+05
5216,2.68E+05
5217,6.43E+05
5218,3.72E+05
5219,3.64E+05
5220,3.50E+05
5221,6.03E+05
5222,2.63E+05
5223,1.03E+06
5224,2.88E+05
5225,8.48E+05
5226,4.84E+05
5227,6.64E+05
5228,2.83E+05
5229,5.14E+05
5230,3.27E+05
5231,5.67E+05
5232,2.68E+05
5233,3.95E+05
5234,3.93E+05
5235,5.83E+05
5236,4.74E+05
5237,4.17E+05
5238,7.54E+05
5239,7.61E+05
5240,5.64E+05
5241,4.23E+05
5242,1.92E+05
5243,7.98E+05
5244,2.64E+05
5245,4.91E+05
5246,6.21E+05
5247,2.82E+05
5248,5.36E+05
5249,6.14E+05
5250,6.85E+05
5251,2.25E+05
5252,3.41E+05
5253,6.31E+05
5254,3.07E+05
5255,3.45E+05
5256,2.63E+05
5257,5.50E+05
5258,4.20E+05
5259,8.29E+05
5260,5.65E+05
5261,6.11E+05
5262,4.93E+05
5263,1.04E+06
5264,4.39E+05
5265,8.07E+05
5266,6.25E+05
5267,5.48E+05
5268,1.76E+05
5269,3.70E+05
5270,3.91E+05
5271,6.17E+05
5272,2.81E+05
5273,4.67E+05
5274,1.60E+05
5275,2.63E+05
5276,6.95E+05
5277,4.98E+05
5278,3.40E+05
5279,5.64E+05
5280,1.62E+05
5281,3.42E+05
5282,2.40E+05
5283,6.40E+05
5284,4.15E+05
5285,3.41E+05
5286,4.80E+05
5287,4.15E+05
5288,7.07E+05
5289,4.51E+05
5290,6.39E+05
5291,7.05E+05
5292,3.11E+05
5293,1.30E+06
5294,4.58E+05
5295,6.71E+05
5296,7.94E+05
5297,7.45E+05
5298,3.83E+05
5299,5.87E+05
5300,6.14E+05
5301,5.10E+05
5302,6.24E+05
5303,2.87E+05
5304,3.06E+05
5305,5.67E+05
5306,1.08E+06
5307,5.50E+05
5308,7.16E+05
5309,1.07E+06
5310,6.40E+05
5311,6.89E+05
5312,6.30E+05
5313,7.86E+05
5314,3.37E+05
5315,1.92E+05
5316,4.20E+05
5317,2.80E+05
5318,3.76E+05
5319,6.04E+05
5320,5.29E+05
5321,3.83E+05
5322,2.12E+05
5323,9.44E+05
5324,2.38E+05
5325,6.08E+05
5326,8.40E+05
5327,4.16E+05
5328,5.17E+05
5329,1.95E+05
5330,7.46E+05
5331,1.22E+06
5332,3.94E+05
5333,8.09E+05
5334,2.31E+05
5335,6.28E+05
5336,8.54E+05
5337,1.40E+06
5338,2.93E+05
5339,2.19E+05
5340,4.53E+05
5341,4.38E+05
5342,6.04E+05
5343,6.73E+05
5344,7.09E+05
5345,4.77E+05
5346,2.63E+05
5347,4.44E+05
5348,6.91E+05
5349,5.63E+05
5350,3.86E+05
5351,3.78E+05
5352,1.64E+06
5353,3.25E+05
5354,4.31E+05
5355,4.90E+05
5356,6.52E+05
5357,5.27E+05
5358,1.40E+06
5359,8.05E+05
5360,4.78E+05
5361,5.36E+05
5362,7.00E+05
5363,3.14E+05
5364,8.00E+05
5365,4.27E+05
5366,3.37E+05
5367,4.42E+05
5368,8.28E+05
5369,3.32E+05
5370,4.52E+05
5371,3.01E+05
5372,4.93E+05
5373,5.16E+05
5374,2.96E+05
5375,1.12E+06
5376,1.03E+06
5377,4.77E+05
5378,2.48E+05
5379,6.60E+05
5380,1.85E+05
5381,5.45E+05
5382,5.29E+05
5383,3.40E+05
5384,8.09E+05
5385,7.48E+05
5386,1.14E+06
5387,3.26E+05
5388,2.68E+05
5389,1.19E+06
5390,4.71E+05
5391,3.58E+05
5392,4.27E+05
5393,1.21E+06
5394,5.22E+05
5395,6.59E+05
5396,4.61E+05
5397,3.54E+05
5398,6.65E+05
5399,2.53E+05
5400,4.10E+05
5401,4.61E+05
5402,2.97E+05
5403,5.48E+05
5404,3.47E+05
5405,2.53E+05
5406,7.91E+05
5407,2.35E+05
5408,7.74E+05
5409,7.86E+05
5410,4.66E+05
5411,3.50E+05
5412,3.04E+05
5413,8.61E+05
5414,4.70E+05
5415,8.07E+05
5416,2.19E+05
5417,5.72E+05
5418,3.78E+05
5419,3.56E+05
5420,8.65E+05
5421,2.42E+05
5422,9.29E+05
5423,3.91E+05
5424,5.05E+05
5425,3.67E+05
5426,1.81E+05
5427,3.04E+05
5428,6.05E+05
5429,5.18E+05
5430,4.12E+05
5431,3.66E+05
5432,2.33E+05
5433,8.26E+05
5434,2.50E+05
5435,3.64E+05
5436,5.72E+05
5437,4.77E+05
5438,1.04E+06
5439,6.80E+05
5440,7.49E+05
5441,3.38E+05
5442,4.21E+05
5443,7.56E+05
5444,9.68E+05
5445,4.96E+05
5446,1.55E+06
5447,6.93E+05
5448,9.47E+05
5449,6.36E+05
5450,3.90E+05
5451,7.04E+05
5452,8.96E+05
5453,4.38E+05
5454,7.49E+05
5455,7.49E+05
5456,5.38E+05
5457,4.63E+05
5458,5.10E+05
5459,8.69E+05
5460,3.53E+05
5461,6.58E+05
5462,5.29E+05
5463,5.48E+05
5464,3.07E+05
5465,3.36E+05
5466,2.83E+05
5467,9.37E+05
5468,4.39E+05
5469,2.52E+05
5470,2.57E+05
5471,7.46E+05
5472,2.60E+05
5473,8.47E+05
5474,5.90E+05
5475,5.31E+05
5476,3.73E+05
5477,7.83E+05
5478,2.60E+05
5479,4.77E+05
5480,3.99E+05
5481,1.23E+06
5482,2.52E+05
5483,4.89E+05
5484,2.27E+05
5485,2.81E+05
5486,2.43E+05
5487,4.81E+05
5488,3.59E+05
5489,5.47E+05
5490,4.05E+05
5491,2.10E+06
5492,4.26E+05
5493,3.77E+05
5494,5.53E+05
5495,2.89E+05
5496,7.22E+05
5497,9.82E+05
5498,7.73E+05
5499,1.47E+06
5500,1.14E+06
5501,4.42E+05
5502,3.25E+05
5503,4.14E+05
5504,4.98E+05
5505,5.17E+05
5506,5.19E+05
5507,3.10E+05
5508,4.49E+05
5509,3.10E+05
5510,9.66E+05
5511,4.71E+05
5512,4.50E+05
5513,1.20E+06
5514,3.82E+05
5515,4.26E+05
5516,1.37E+06
5517,4.50E+05
5518,5.00E+05
5519,2.95E+05
5520,4.26E+05
5521,3.78E+05
5522,4.38E+05
5523,2.83E+05
5524,3.03E+05
5525,2.95E+05
5526,2.05E+05
5527,2.18E+05
5528,2.09E+05
5529,1.04E+06
5530,5.01E+05
5531,1.98E+05
5532,3.98E+05
5533,2.79E+05
5534,4.65E+05
5535,8.46E+05
5536,3.48E+05
5537,1.31E+06
5538,1.58E+05
5539,6.30E+05
5540,2.84E+05
5541,6.71E+05
5542,3.14E+05
5543,3.01E+05
5544,3.43E+05
5545,2.50E+05
5546,2.52E+05
5547,2.04E+05
5548,3.79E+05
5549,3.53E+05
5550,3.56E+05
5551,3.01E+05
5552,4.18E+05
5553,1.31E+06
5554,4.48E+05
5555,5.54E+05
5556,3.08E+05
5557,3.97E+05
5558,6.46E+05
5559,5.93E+05
5560,4.80E+05
5561,1.15E+06
5562,5.90E+05
5563,2.53E+05
5564,2.37E+05
5565,1.12E+06
5566,3.92E+05
5567,3.22E+05
5568,4.03E+05
5569,3.51E+05
5570,2.67E+05
5571,4.60E+05
5572,2.19E+05
5573,4.17E+05
5574,6.35E+05
5575,6.26E+05
5576,4.58E+05
5577,2.56E+06
5578,3.10E+05
5579,7.39E+05
5580,3.12E+05
5581,6.42E+05
5582,4.19E+05
5583,2.31E+05
5584,2.08E+05
5585,2.24E+05
5586,3.45E+05
5587,1.10E+06
5588,3.10E+05
5589,4.76E+05
5590,5.25E+05
5591,8.64E+05
5592,2.32E+05
5593,2.15E+05
5594,5.35E+05
5595,7.40E+05
5596,3.00E+05
5597,2.34E+05
5598,4.11E+05
5599,9.89E+05
5600,2.69E+05
5601,7.19E+05
5602,4.63E+05
5603,4.49E+05
5604,3.02E+05
5605,5.65E+05
5606,3.56E+05
5607,7.35E+05
5608,3.92E+05
5609,3.41E+05
5610,2.04E+05
5611,4.83E+05
5612,2.87E+05
5613,4.73E+05
5614,8.86E+05
5615,5.27E+05
5616,1.33E+06
5617,6.11E+05
5618,3.75E+05
5619,6.10E+05
5620,4.28E+05
5621,4.13E+05
5622,1.84E+06
5623,4.69E+05
5624,1.49E+06
5625,2.43E+05
5626,1.67E+06
5627,3.66E+05
5628,5.22E+05
5629,2.91E+05
5630,5.37E+05
5631,3.36E+05
5632,8.39E+05
5633,5.21E+05
5634,5.31E+05
5635,6.65E+05
5636,3.77E+05
5637,5.03E+05
5638,7.05E+05
5639,7.01E+05
5640,5.01E+05
5641,7.51E+05
5642,6.19E+05
5643,2.70E+05
5644,5.01E+05
5645,2.30E+05
5646,7.16E+05
5647,5.12E+05
5648,4.25E+05
5649,6.51E+05
5650,3.47E+05
5651,2.97E+05
5652,2.43E+05
5653,6.25E+05
5654,6.62E+05
5655,3.98E+05
5656,8.20E+05
5657,4.48E+05
5658,7.18E+05
5659,4.64E+05
5660,6.59E+05
5661,4.17E+05
5662,4.05E+05
5663,2.97E+05
5664,7.22E+05
5665,2.25E+05
5666,5.43E+05
5667,2.64E+05
5668,3.30E+05
5669,8.74E+05
5670,4.72E+05
5671,3.96E+05
5672,6.68E+05
5673,1.98E+05
5674,5.09E+05
5675,2.58E+05
5676,4.21E+05
5677,5.43E+05
5678,3.66E+05
5679,2.57E+05
5680,5.33E+05
5681,6.86E+05
5682,4.10E+05
5683,6.16E+05
5684,3.61E+05
5685,3.57E+05
5686,1.22E+06
5687,8.53E+05
5688,7.37E+05
5689,7.34E+05
5690,2.29E+05
5691,5.41E+05
5692,9.97E+05
5693,6.90E+05
5694,6.48E+05
5695,4.19E+05
5696,2.61E+05
5697,2.01E+05
5698,7.61E+05
5699,4.05E+05
5700,2.53E+05
5701,1.99E+05
5702,6.69E+05
5703,2.65E+05
5704,1.76E+05
5705,7.06E+05
5706,6.33E+05
5707,3.02E+05
5708,3.12E+05
5709,6.35E+05
5710,4.59E+05
5711,5.67E+05
5712,4.85E+05
5713,4.22E+05
5714,1.82E+05
5715,3.73E+05
5716,9.77E+05
5717,7.57E+05
5718,7.63E+05
5719,1.05E+06
5720,1.96E+05
5721,5.19E+05
5722,5.52E+05
5723,3.88E+05
5724,5.43E+05
5725,4.04E+05
5726,7.09E+05
5727,6.80E+05
5728,7.98E+05
5729,2.76E+05
5730,4.59E+05
5731,2.87E+05
5732,6.72E+05
5733,3.17E+05
5734,8.09E+05
5735,9.35E+05
5736,8.97E+05
5737,3.74E+05
5738,3.01E+05
5739,2.04E+05
5740,1.30E+06
5741,4.68E+05
5742,6.11E+05
5743,8.10E+05
5744,9.27E+05
5745,5.24E+05
5746,3.02E+05
5747,3.26E+05
5748,3.39E+05
5749,4.44E+05
5750,8.30E+05
5751,6.52E+05
5752,5.34E+05
5753,1.75E+05
5754,4.78E+05
5755,5.41E+05
5756,4.88E+05
5757,4.96E+05
5758,4.49E+05
5759,3.07E+05
5760,2.99E+05
5761,5.90E+05
5762,3.14E+05
5763,2.70E+05
5764,3.14E+05
5765,2.31E+05
5766,3.51E+05
5767,6.92E+05
5768,7.55E+05
5769,5.17E+05
5770,3.90E+05
5771,7.90E+05
5772,6.41E+05
5773,1.85E+05
5774,4.90E+05
5775,5.67E+05
5776,3.49E+05
5777,6.28E+05
5778,2.31E+05
5779,2.11E+05
5780,8.37E+05
5781,3.57E+05
5782,8.32E+05
5783,2.97E+05
5784,3.10E+06
5785,2.67E+05
5786,5.97E+05
5787,5.86E+05
5788,1.93E+05
5789,4.47E+05
5790,9.19E+05
5791,3.00E+05
5792,5.30E+05
5793,4.83E+05
5794,8.68E+05
5795,3.33E+06
5796,9.77E+05
5797,3.41E+05
5798,5.49E+05
5799,6.02E+05
5800,1.65E+06
5801,4.22E+05
5802,7.83E+05
5803,5.68E+05
5804,3.97E+05
5805,2.56E+05
5806,2.24E+05
5807,3.06E+05
5808,7.98E+05
5809,4.21E+05
5810,5.17E+05
5811,2.41E+05
5812,3.87E+05
5813,3.76E+05
5814,6.01E+05
5815,2.55E+05
5816,5.21E+05
5817,3.72E+05
5818,3.84E+05
5819,3.27E+05
5820,6.80E+05
5821,3.77E+05
5822,2.28E+05
5823,4.33E+05
5824,6.87E+05
5825,6.60E+05
5826,3.31E+05
5827,2.76E+05
5828,4.57E+05
5829,7.66E+05
5830,3.12E+05
5831,4.47E+05
5832,4.48E+05
5833,3.44E+05
5834,5.57E+05
5835,5.31E+05
5836,2.41E+05
5837,4.26E+05
5838,4.69E+05
5839,6.18E+05
5840,3.49E+05
5841,4.94E+05
5842,4.64E+05
5843,1.59E+06
5844,2.95E+05
5845,4.72E+05
5846,6.41E+05
5847,1.97E+05
5848,7.84E+05
5849,5.78E+05
5850,2.68E+05
5851,3.28E+05
5852,4.98E+05
5853,2.87E+05
5854,1.97E+05
5855,2.53E+05
5856,8.54E+05
5857,5.14E+05
5858,3.90E+05
5859,2.83E+05
5860,1.24E+06
5861,2.42E+05
5862,3.07E+05
5863,3.71E+05
5864,4.73E+05
5865,6.29E+05
5866,4.21E+05
5867,7.70E+05
5868,4.38E+05
5869,4.24E+05
5870,4.38E+05
5871,5.32E+05
5872,4.68E+05
5873,5.98E+05
5874,6.50E+05
5875,2.87E+05
5876,1.05E+06
5877,9.98E+05
5878,3.09E+05
5879,7.05E+05
5880,2.53E+05
5881,7.93E+05
5882,3.63E+05
5883,2.71E+05
5884,3.50E+05
5885,3.60E+05
5886,6.04E+06
5887,3.50E+05
5888,6.77E+05
5889,4.67E+05
5890,4.62E+05
5891,4.80E+05
5892,8.77E+05
5893,3.06E+05
5894,8.76E+05
5895,5.68E+05
5896,5.72E+05
5897,2.33E+05
5898,1.14E+06
5899,3.67E+05
5900,9.05E+05
5901,2.58E+05
5902,2.50E+05
5903,1.41E+06
5904,2.74E+05
5905,1.25E+06
5906,2.26E+05
5907,6.72E+05
5908,3.46E+05
5909,1.06E+06
5910,5.70E+05
5911,5.49E+05
5912,1.73E+05
5913,2.74E+05
5914,7.42E+05
5915,3.73E+05
5916,4.55E+05
5917,2.25E+05
5918,4.23E+05
5919,6.27E+05
5920,3.82E+05
5921,3.32E+05
5922,4.32E+05
5923,4.28E+05
5924,5.23E+05
5925,5.65E+05
5926,4.33E+05
5927,4.88E+05
5928,2.44E+05
5929,4.05E+05
5930,5.23E+05
5931,2.43E+05
5932,1.65E+05
5933,4.61E+05
5934,1.08E+06
5935,5.19E+05
5936,9.04E+05
5937,1.93E+05
5938,2.92E+05
5939,3.82E+05
5940,2.36E+05
5941,3.70E+05
5942,4.75E+05
5943,7.50E+05
5944,3.70E+05
5945,2.53E+05
5946,2.61E+05
5947,5.48E+05
5948,3.06E+05
5949,7.20E+05
5950,3.84E+05
5951,4.48E+05
5952,3.24E+05
5953,3.89E+05
5954,7.49E+05
5955,3.66E+05
5956,3.37E+05
5957,5.57E+05
5958,4.40E+05
5959,7.50E+05
5960,3.79E+05
5961,5.49E+05
5962,4.75E+05
5963,4.57E+05
5964,2.20E+05
5965,4.27E+05
5966,4.95E+05
5967,5.02E+05
5968,7.09E+05
5969,1.48E+06
5970,3.74E+05
5971,3.82E+05
5972,5.57E+05
5973,8.71E+05
5974,3.87E+05
5975,2.81E+05
5976,4.28E+05
5977,3.86E+05
5978,3.79E+05
5979,3.57E+05
5980,5.08E+05
5981,2.45E+05
5982,2.65E+05
5983,3.53E+05
5984,4.43E+05
5985,7.14E+05
5986,7.39E+05
5987,2.89E+05
5988,4.36E+05
5989,5.74E+05
5990,4.03E+05
5991,2.68E+05
5992,5.93E+05
5993,5.28E+05
5994,7.31E+05
5995,6.09E+05
5996,9.74E+05
5997,2.25E+05
5998,7.41E+05
5999,2.71E+05
6000,3.07E+05
6001,1.90E+05
6002,1.73E+06
6003,3.37E+05
6004,3.96E+05
6005,2.23E+05
6006,2.65E+05
6007,4.48E+05
6008,5.27E+05
6009,3.12E+05
6010,8.26E+05
6011,3.24E+05
6012,4.13E+05
6013,2.89E+05
6014,1.22E+06
6015,6.14E+05
6016,3.12E+05
6017,2.92E+05
6018,5.07E+05
6019,4.63E+05
6020,6.86E+05
6021,9.99E+05
6022,1.95E+05
6023,7.19E+05
6024,6.54E+05
6025,1.98E+05
6026,8.82E+05
6027,3.28E+05
6028,6.65E+05
6029,4.04E+05
6030,2.28E+05
6031,6.20E+05
6032,3.05E+05
6033,2.38E+05
6034,7.06E+05
6035,4.57E+05
6036,7.08E+05
6037,4.87E+05
6038,5.29E+05
6039,4.73E+05
6040,8.38E+05
6041,4.07E+05
6042,5.71E+05
6043,4.38E+05
6044,3.87E+05
6045,4.70E+05
6046,3.36E+05
6047,5.27E+05
6048,6.88E+05
6049,3.89E+05
6050,2.23E+05
6051,3.81E+05
6052,3.66E+05
6053,3.29E+05
6054,4.37E+05
6055,8.30E+05
6056,3.77E+05
6057,3.79E+05
6058,5.23E+05
6059,2.03E+05
6060,4.42E+05
6061,4.93E+05
6062,5.96E+05
6063,2.15E+05
6064,6.31E+05
6065,6.49E+05
6066,2.19E+05
6067,8.94E+05
6068,1.85E+05
6069,6.19E+05
6070,3.65E+05
6071,4.57E+05
6072,3.09E+05
6073,3.21E+05
6074,5.86E+05
6075,9.54E+05
6076,2.78E+05
6077,4.65E+05
6078,2.78E+05
6079,3.59E+05
6080,2.33E+06
6081,9.62E+05
6082,4.87E+05
6083,9.70E+05
6084,7.72E+05
6085,3.38E+05
6086,1.13E+06
6087,5.27E+05
6088,2.73E+05
6089,2.17E+05
6090,3.44E+05
6091,4.38E+05
6092,2.93E+05
6093,9.22E+05
6094,3.68E+05
6095,3.17E+05
6096,1.84E+05
6097,5.73E+05
6098,7.39E+05
6099,8.49E+05
6100,5.34E+05
6101,4.51E+05
6102,2.91E+05
6103,3.65E+05
6104,8.56E+05
6105,2.58E+05
6106,2.32E+05
6107,4.14E+05
6108,3.81E+05
6109,3.99E+05
6110,5.69E+05
6111,3.40E+05
6112,2.38E+05
6113,3.72E+05
6114,4.83E+05
6115,3.29E+05
6116,7.49E+05
6117,3.01E+05
6118,4.03E+05
6119,3.88E+05
6120,6.22E+05
6121,5.58E+05
6122,8.70E+05
6123,3.52E+05
6124,3.86E+05
6125,4.01E+05
6126,3.98E+05
6127,7.67E+05
6128,2.26E+05
6129,5.29E+05
6130,4.69E+05
6131,4.19E+05
6132,3.94E+05
6133,3.11E+05
6134,3.53E+05
6135,2.54E+05
6136,6.30E+05
6137,7.46E+05
6138,3.33E+05
6139,1.56E+05
6140,4.01E+05
6141,4.23E+05
6142,3.40E+05
6143,3.92E+05
6144,7.90E+05
6145,2.26E+05
6146,4.56E+05
6147,3.82E+05
6148,6.30E+05
6149,3.42E+05
6150,2.62E+05
6151,4.50E+05
6152,5.59E+05
6153,2.75E+05
6154,4.48E+05
6155,9.44E+05
6156,3.12E+05
6157,4.86E+05
6158,5.17E+05
6159,7.99E+05
6160,1.77E+05
6161,3.92E+05
6162,7.28E+05
6163,3.33E+05
6164,3.92E+05
6165,2.08E+05
6166,1.95E+05
6167,3.57E+05
6168,2.20E+05
6169,5.91E+05
6170,3.33E+05
6171,9.33E+05
6172,2.93E+05
6173,7.10E+05
6174,6.97E+05
6175,3.22E+05
6176,6.97E+05
6177,6.62E+05
6178,2.43E+05
6179,5.70E+05
6180,6.04E+05
6181,4.30E+05
6182,5.04E+05
6183,4.85E+05
6184,3.76E+05
6185,2.52E+05
6186,5.41E+05
6187,3.36E+05
6188,8.55E+05
6189,7.11E+05
6190,4.86E+05
6191,3.06E+05
6192,2.75E+05
6193,2.08E+05
6194,6.37E+05
6195,2.78E+05
6196,8.87E+05
6197,4.58E+05
6198,7.01E+05
6199,4.66E+05
6200,5.22E+05
6201,4.24E+05
6202,9.05E+05
6203,1.62E+06
6204,2.04E+05
6205,8.98E+05
6206,5.64E+05
6207,3.73E+05
6208,2.42E+05
6209,4.51E+05
6210,4.66E+05
6211,6.55E+05
6212,3.18E+05
6213,5.32E+05
6214,2.28E+05
6215,3.39E+05
6216,4.03E+05
6217,5.08E+05
6218,4.04E+05
6219,3.34E+05
6220,1.16E+06
6221,6.64E+05
6222,6.42E+05
6223,2.15E+05
6224,3.14E+05
6225,4.75E+05
6226,5.69E+05
6227,3.57E+05
6228,3.78E+05
6229,3.74E+05
6230,3.87E+05
6231,7.30E+05
6232,6.77E+05
6233,1.99E+05
6234,3.10E+05
6235,6.33E+05
6236,4.30E+05
6237,3.67E+05
6238,5.24E+05
6239,5.60E+05
6240,4.78E+05
6241,7.35E+05
6242,7.07E+05
6243,5.31E+05
6244,4.42E+05
6245,7.66E+05
6246,4.60E+05
6247,1.90E+06
6248,4.49E+05
6249,1.80E+05
6250,3.37E+05
6251,3.13E+05
6252,6.91E+05
6253,6.05E+05
6254,9.47E+05
6255,6.27E+05
6256,3.63E+05
6257,3.43E+05
6258,4.64E+05
6259,2.29E+05
6260,4.66E+05
6261,6.84E+05
6262,9.81E+05
6263,4.81E+05
6264,3.05E+05
6265,1.74E+05
6266,5.92E+05
6267,4.22E+05
6268,2.76E+05
6269,2.56E+05
6270,2.04E+05
6271,1.26E+06
6272,2.80E+05
6273,3.72E+05
6274,5.98E+05
6275,4.51E+05
6276,3.63E+05
6277,6.05E+05
6278,9.99E+05
6279,4.31E+05
6280,3.78E+05
6281,2.27E+05
6282,5.55E+05
6283,2.44E+05
6284,6.03E+05
6285,6.75E+05
6286,3.48E+05
6287,1.46E+05
6288,2.76E+05
6289,2.95E+05
6290,4.83E+05
6291,1.52E+06
6292,4.84E+05
6293,3.46E+05
6294,2.95E+05
6295,2.93E+05
6296,6.10E+05
6297,3.57E+05
6298,6.66E+05
6299,5.02E+05
6300,2.85E+05
6301,9.52E+05
6302,1.98E+05
6303,3.21E+05
6304,7.60E+05
6305,4.22E+05
6306,4.69E+05
6307,3.64E+05
6308,2.17E+05
6309,2.30E+05
6310,2.14E+05
6311,3.35E+05
6312,1.87E+05
6313,3.31E+05
6314,2.71E+05
6315,1.01E+06
6316,6.44E+05
6317,4.88E+05
6318,3.84E+05
6319,5.49E+05
6320,7.52E+05
6321,2.46E+05
6322,5.31E+05
6323,4.72E+05
6324,9.69E+05
6325,3.49E+05
6326,4.60E+05
6327,8.47E+05
6328,2.29E+05
6329,4.53E+05
6330,3.43E+05
6331,8.74E+05
6332,2.89E+05
6333,1.15E+06
6334,5.05E+05
6335,6.33E+05
6336,4.14E+05
6337,1.27E+06
6338,2.53E+05
6339,8.71E+05
6340,4.16E+05
6341,4.17E+05
6342,5.40E+05
6343,7.56E+05
6344,2.62E+05
6345,4.96E+05
6346,2.07E+05
6347,4.00E+05
6348,1.63E+06
6349,3.42E+05
6350,2.72E+05
6351,4.04E+05
6352,2.14E+05
6353,6.47E+05
6354,3.86E+05
6355,2.47E+05
6356,3.80E+05
6357,2.98E+05
6358,2.85E+05
6359,3.42E+05
6360,4.25E+05
6361,2.18E+05
6362,3.28E+05
6363,6.39E+05
6364,7.23E+05
6365,4.91E+05
6366,3.24E+05
6367,6.46E+05
6368,4.57E+05
6369,8.54E+05
6370,3.26E+05
6371,2.73E+05
6372,5.70E+05
6373,6.10E+05
6374,5.98E+05
6375,2.62E+05
6376,5.34E+05
6377,4.25E+05
6378,6.58E+05
6379,3.74E+05
6380,4.65E+05
6381,2.61E+05
6382,6.56E+05
6383,6.65E+05
6384,4.38E+05
6385,3.30E+05
6386,5.27E+05
6387,4.22E+05
6388,6.60E+05
6389,7.27E+05
6390,8.34E+05
6391,4.92E+05
6392,4.34E+05
6393,3.90E+05
6394,1.17E+06
6395,6.52E+05
6396,3.26E+05
6397,6.90E+05
6398,1.07E+06
6399,3.61E+05
6400,4.61E+05
6401,4.77E+05
6402,4.27E+05
6403,2.60E+05
6404,1.87E+05
6405,4.29E+05
6406,7.79E+05
6407,6.66E+05
6408,4.24E+05
6409,5.50E+05
6410,2.25E+05
6411,2.01E+05
6412,2.08E+05
6413,2.96E+05
6414,2.65E+05
6415,6.37E+05
6416,5.05E+05
6417,5.44E+05
6418,6.69E+05
6419,6.51E+05
6420,7.97E+05
6421,6.40E+05
6422,7.45E+05
6423,3.62E+05
6424,3.34E+05
6425,4.54E+05
6426,1.63E+06
6427,4.40E+05
6428,4.13E+05
6429,5.31E+05
6430,2.75E+05
6431,4.28E+05
6432,7.17E+05
6433,4.40E+05
6434,2.80E+05
6435,5.07E+05
6436,9.13E+05
6437,1.93E+05
6438,5.21E+05
6439,3.57E+05
6440,2.59E+05
6441,3.81E+05
6442,5.45E+05
6443,4.52E+05
6444,4.20E+05
6445,6.97E+05
6446,3.96E+05
6447,6.87E+05
6448,3.82E+05
6449,8.76E+05
6450,4.71E+05
6451,2.89E+05
6452,4.68E+05
6453,5.14E+05
6454,4.15E+05
6455,4.65E+05
6456,6.87E+05
6457,2.68E+05
6458,4.85E+05
6459,2.29E+06
6460,5.26E+05
6461,4.98E+05
6462,5.73E+05
6463,3.42E+05
6464,4.74E+05
6465,5.16E+05
6466,7.13E+05
6467,4.78E+05
6468,8.45E+05
6469,5.43E+05
6470,1.93E+05
6471,2.98E+05
6472,3.91E+05
6473,2.92E+05
6474,3.85E+05
6475,2.67E+05
6476,5.96E+05
6477,4.09E+05
6478,1.75E+05
6479,3.96E+05
6480,4.25E+05
6481,5.87E+05
6482,3.60E+05
6483,2.86E+05
6484,3.67E+05
6485,1.91E+05
